vite v5.4.21 building for interactive-test...
transforming...
Found 2 warnings while optimizing generated CSS:

Issue #1:
│   background: var(--app);
│ }
│ ::highlight(lingxi-find-match) {
┆             ^-- 'highlight' is not recognized as a valid pseudo-element. Did you mean ':highlight' (pseudo-class) or is this a typo?
┆
│   color: inherit;
│   background: var(--gold);

Issue #2:
│   }
│ }
│ ::highlight(lingxi-find-current) {
┆             ^-- 'highlight' is not recognized as a valid pseudo-element. Did you mean ':highlight' (pseudo-class) or is this a typo?
┆
│   color: inherit;
│   background: var(--gold);

✓ 12035 modules transformed.
rendering chunks...
.e2e/interactive-site/e2e/interactive-ui.html                                    0.64 kB
.e2e/interactive-site/e2e/interactive-adapter.html                               0.79 kB
.e2e/interactive-site/assets/science-worker-EnYO0j7p.js                          2.50 kB
.e2e/interactive-site/assets/interactive-adapter-CiqARtjf.css                  294.06 kB
.e2e/interactive-site/assets/globals-CMutyz2c.css                              341.75 kB
.e2e/interactive-site/assets/avatarCache-CcRKmrg7.js                             0.26 kB
.e2e/interactive-site/assets/userFacingError-CSo-f0sh.js                         0.33 kB
.e2e/interactive-site/assets/minus-D0fss2Z4.js                                   0.45 kB
.e2e/interactive-site/assets/tally-1-n84M1sPU.js                                 0.45 kB
.e2e/interactive-site/assets/slash-Bl8xRdWm.js                                   0.45 kB
.e2e/interactive-site/assets/wifi-zero-pGOl0RA5.js                               0.46 kB
.e2e/interactive-site/assets/signal-zero-Cc3Ev08O.js                             0.46 kB
.e2e/interactive-site/assets/circle-Dyl-ELlw.js                                  0.46 kB
.e2e/interactive-site/assets/dot-CKocpgQO.js                                     0.46 kB
.e2e/interactive-site/assets/circle-small-DlJm6sYA.js                            0.47 kB
.e2e/interactive-site/assets/mountain-D2SyJR4E.js                                0.47 kB
.e2e/interactive-site/assets/bluetooth-CSdGI1qw.js                               0.47 kB
.e2e/interactive-site/assets/fish-symbol-Cqi4nwnX.js                             0.48 kB
.e2e/interactive-site/assets/square-CqAdn2VY.js                                  0.48 kB
.e2e/interactive-site/assets/navigation-CToPKq6R.js                              0.48 kB
.e2e/interactive-site/assets/navigation-2-NJH0sFVg.js                            0.48 kB
.e2e/interactive-site/assets/space-HBXWinvs.js                                   0.49 kB
.e2e/interactive-site/assets/twitch-BdVaBZ3M.js                                  0.49 kB
.e2e/interactive-site/assets/framer-CMNK9c_X.js                                  0.49 kB
.e2e/interactive-site/assets/plus-Cchpqwfs.js                                    0.49 kB
.e2e/interactive-site/assets/egg-DFavOs1n.js                                     0.49 kB
.e2e/interactive-site/assets/tally-2-CqGypvPY.js                                 0.49 kB
.e2e/interactive-site/assets/thermometer-BYfCNW1X.js                             0.49 kB
.e2e/interactive-site/assets/option-BPS0-nTM.js                                  0.49 kB
.e2e/interactive-site/assets/rectangle-vertical-xf2fxNEM.js                      0.49 kB
.e2e/interactive-site/assets/cloud-BDDcZdaj.js                                   0.49 kB
.e2e/interactive-site/assets/signal-low-BompyXVA.js                              0.49 kB
.e2e/interactive-site/assets/unlink-2-l4pqGlok.js                                0.49 kB
.e2e/interactive-site/assets/rectangle-horizontal-CYk339l_.js                    0.50 kB
.e2e/interactive-site/assets/arrow-up-BwwHuoCA.js                                0.50 kB
.e2e/interactive-site/assets/code-8tWbI5Aa.js                                    0.50 kB
.e2e/interactive-site/assets/move-up-D4grS7Kw.js                                 0.50 kB
.e2e/interactive-site/assets/terminal-BemKfb04.js                                0.50 kB
.e2e/interactive-site/assets/bookmark-CxVPVTSz.js                                0.50 kB
.e2e/interactive-site/assets/move-left-CvEYiPqa.js                               0.50 kB
.e2e/interactive-site/assets/squircle-BNTs64bU.js                                0.50 kB
.e2e/interactive-site/assets/arrow-down-C4us5cyO.js                              0.50 kB
.e2e/interactive-site/assets/arrow-left-DPM4ydWj.js                              0.50 kB
.e2e/interactive-site/assets/arrow-right-BzzoyaFi.js                             0.50 kB
.e2e/interactive-site/assets/move-up-left-W5m7OKNb.js                            0.50 kB
.e2e/interactive-site/assets/arrow-up-left-DR3bQLEP.js                           0.50 kB
.e2e/interactive-site/assets/chevron-last-DtWI08tU.js                            0.50 kB
.e2e/interactive-site/assets/arrow-up-right-CF0JlGZq.js                          0.50 kB
.e2e/interactive-site/assets/chevron-first-De8PliUU.js                           0.50 kB
.e2e/interactive-site/assets/move-down-Bg5fRIyM.js                               0.50 kB
.e2e/interactive-site/assets/move-up-right-Dmolh9F5.js                           0.50 kB
.e2e/interactive-site/assets/music-3-DCBQA6hZ.js                                 0.50 kB
.e2e/interactive-site/assets/arrow-down-left-C2KxCH1P.js                         0.50 kB
.e2e/interactive-site/assets/clock-12-CyKXxDqf.js                                0.50 kB
.e2e/interactive-site/assets/clock-6-CSmZz5vW.js                                 0.50 kB
.e2e/interactive-site/assets/move-down-left-pry4xxWH.js                          0.50 kB
.e2e/interactive-site/assets/move-right-Lpb4p1w9.js                              0.50 kB
.e2e/interactive-site/assets/arrow-down-right-qQXiP3ZB.js                        0.50 kB
.e2e/interactive-site/assets/clock-3-CeAEWOyw.js                                 0.50 kB
.e2e/interactive-site/assets/clock-9-BQbwnZ7J.js                                 0.50 kB
.e2e/interactive-site/assets/clock-Ba9hGv8L.js                                   0.50 kB
.e2e/interactive-site/assets/move-down-right-DaY6DoKY.js                         0.50 kB
.e2e/interactive-site/assets/music-2-BhgdQb49.js                                 0.50 kB
.e2e/interactive-site/assets/chevrons-down-CJ7S99pO.js                           0.51 kB
.e2e/interactive-site/assets/clock-1-CpRXA_oy.js                                 0.51 kB
.e2e/interactive-site/assets/clock-2-BH24ttdQ.js                                 0.51 kB
.e2e/interactive-site/assets/clock-4-BDgKC_uT.js                                 0.51 kB
.e2e/interactive-site/assets/clock-5-Cx7vp-AW.js                                 0.51 kB
.e2e/interactive-site/assets/chevrons-up-OYg7tGnY.js                             0.51 kB
.e2e/interactive-site/assets/circle-minus-BWIdxpb6.js                            0.51 kB
.e2e/interactive-site/assets/clock-7-C2dTGnXi.js                                 0.51 kB
.e2e/interactive-site/assets/clock-8-CfSMTCyK.js                                 0.51 kB
.e2e/interactive-site/assets/infinity-CZiBbRNX.js                                0.51 kB
.e2e/interactive-site/assets/chevrons-right-XIy2lrAk.js                          0.51 kB
.e2e/interactive-site/assets/clock-10-BaZN0aRt.js                                0.51 kB
.e2e/interactive-site/assets/clock-11-Bn3xNdfF.js                                0.51 kB
.e2e/interactive-site/assets/power-CR66D6mM.js                                   0.51 kB
.e2e/interactive-site/assets/blend-BnNHcvAL.js                                   0.51 kB
.e2e/interactive-site/assets/chevrons-down-up-A45D9T9f.js                        0.51 kB
.e2e/interactive-site/assets/chevrons-left-DHsxT4BM.js                           0.51 kB
.e2e/interactive-site/assets/chevrons-up-down-Cndc6L1Z.js                        0.51 kB
.e2e/interactive-site/assets/search-Do9aBzzc.js                                  0.51 kB
.e2e/interactive-site/assets/trending-up-BHP4Scqo.js                             0.51 kB
.e2e/interactive-site/assets/disc-DaUlPcHq.js                                    0.51 kB
.e2e/interactive-site/assets/gauge-7V0lPwsO.js                                   0.51 kB
.e2e/interactive-site/assets/reply-BSwYIF-v.js                                   0.51 kB
.e2e/interactive-site/assets/wifi-low-CvkLXHl5.js                                0.51 kB
.e2e/interactive-site/assets/bold-DaQCHW4S.js                                    0.51 kB
.e2e/interactive-site/assets/chevrons-left-right-Dxj7cg-Z.js                     0.51 kB
.e2e/interactive-site/assets/circle-slash-2-CSmo_PX_.js                          0.51 kB
.e2e/interactive-site/assets/facebook-BHcj7KyB.js                                0.51 kB
.e2e/interactive-site/assets/circle-check-CbHCekVy.js                            0.51 kB
.e2e/interactive-site/assets/trending-down-Bu4beORX.js                           0.51 kB
.e2e/interactive-site/assets/chevrons-right-left-lzcrW4v-.js                     0.51 kB
.e2e/interactive-site/assets/forward-BLOxuIdj.js                                 0.51 kB
.e2e/interactive-site/assets/iteration-cw-OhDGJcfi.js                            0.51 kB
.e2e/interactive-site/assets/russian-ruble-BjBHnH0H.js                           0.51 kB
.e2e/interactive-site/assets/triangle-CuoCZEIJ.js                                0.51 kB
.e2e/interactive-site/assets/ban-BHdNMnza.js                                     0.52 kB
.e2e/interactive-site/assets/eclipse-BLw8qRf3.js                                 0.52 kB
.e2e/interactive-site/assets/circle-dot-L-bkxRS_.js                              0.52 kB
.e2e/interactive-site/assets/command-CVR2GkaV.js                                 0.52 kB
.e2e/interactive-site/assets/iteration-ccw-B9vEuRSI.js                           0.52 kB
.e2e/interactive-site/assets/mouse-D7is7z1l.js                                   0.52 kB
.e2e/interactive-site/assets/user-round-DNvRehiE.js                              0.52 kB
.e2e/interactive-site/assets/circle-chevron-up-Drhv0EMF.js                       0.52 kB
.e2e/interactive-site/assets/chart-line-CBF0Uaj-.js                              0.52 kB
.e2e/interactive-site/assets/corner-right-up-BQ8ylP8B.js                         0.52 kB
.e2e/interactive-site/assets/rows-2-D9yCrgtU.js                                  0.52 kB
.e2e/interactive-site/assets/corner-down-left-DCjvF1cr.js                        0.52 kB
.e2e/interactive-site/assets/corner-left-up-2q_nU_SG.js                          0.52 kB
.e2e/interactive-site/assets/corner-up-left-Clul5U-t.js                          0.52 kB
.e2e/interactive-site/assets/crop-BWwsrnup.js                                    0.52 kB
.e2e/interactive-site/assets/tv-HtT-8nJI.js                                      0.52 kB
.e2e/interactive-site/assets/circle-chevron-down-C4HEqCOf.js                     0.52 kB
.e2e/interactive-site/assets/circle-chevron-left-O4Fz8MUW.js                     0.52 kB
.e2e/interactive-site/assets/circle-chevron-right-Ci3vBGZ_.js                    0.52 kB
.e2e/interactive-site/assets/contrast-BCH_9Tq0.js                                0.52 kB
.e2e/interactive-site/assets/panel-top-DkYkubsv.js                               0.52 kB
.e2e/interactive-site/assets/undo-DrmxRI_A.js                                    0.52 kB
.e2e/interactive-site/assets/columns-2-BQ-A8UHp.js                               0.52 kB
.e2e/interactive-site/assets/corner-down-right-BBr7aKM8.js                       0.52 kB
.e2e/interactive-site/assets/corner-right-down-l5AjyZI_.js                       0.52 kB
.e2e/interactive-site/assets/corner-up-right-BwK2rrQ8.js                         0.52 kB
.e2e/interactive-site/assets/panel-left-BlkluG3j.js                              0.52 kB
.e2e/interactive-site/assets/parentheses-DgLnXYa4.js                             0.52 kB
.e2e/interactive-site/assets/corner-left-down-CRaMz3ZL.js                        0.52 kB
.e2e/interactive-site/assets/equal-CFYyhuEW.js                                   0.52 kB
.e2e/interactive-site/assets/flag-triangle-left-CZIUuZkR.js                      0.52 kB
.e2e/interactive-site/assets/flag-triangle-right-CsBsNqnN.js                     0.52 kB
.e2e/interactive-site/assets/redo-Bq0yCi9W.js                                    0.52 kB
.e2e/interactive-site/assets/tv-minimal-Dzpdx4Kr.js                              0.52 kB
.e2e/interactive-site/assets/copyleft-DwrOvDAW.js                                0.52 kB
.e2e/interactive-site/assets/menu-BQhAdJaM.js                                    0.52 kB
.e2e/interactive-site/assets/panel-right-CyDlxFm5.js                             0.52 kB
.e2e/interactive-site/assets/square-minus-DUS-4ZmS.js                            0.52 kB
.e2e/interactive-site/assets/circle-slash-BDMrdnQS.js                            0.52 kB
.e2e/interactive-site/assets/diff-TJr2GcFV.js                                    0.52 kB
.e2e/interactive-site/assets/kanban-C0-mC7Uz.js                                  0.52 kB
.e2e/interactive-site/assets/panel-bottom-BZDo5t0r.js                            0.52 kB
.e2e/interactive-site/assets/play-CvnBH1Td.js                                    0.52 kB
.e2e/interactive-site/assets/triangle-right-HXkA8Irb.js                          0.52 kB
.e2e/interactive-site/assets/copyright-C6uSRNUr.js                               0.53 kB
.e2e/interactive-site/assets/tally-3-DQOJ9cBs.js                                 0.53 kB
.e2e/interactive-site/assets/underline-D2AxsuZQ.js                               0.53 kB
.e2e/interactive-site/assets/battery-DrtPz7uL.js                                 0.53 kB
.e2e/interactive-site/assets/circle-parking-BzgdMLRW.js                          0.53 kB
.e2e/interactive-site/assets/cylinder-D1GW5Pyx.js                                0.53 kB
.e2e/interactive-site/assets/heading-D_k2w5_m.js                                 0.53 kB
.e2e/interactive-site/assets/dice-1-BNIu2B6v.js                                  0.53 kB
.e2e/interactive-site/assets/book-C2h2oreg.js                                    0.53 kB
.e2e/interactive-site/assets/circle-check-big-U0xoeVIZ.js                        0.53 kB
.e2e/interactive-site/assets/list-filter-BDqhCnPF.js                             0.53 kB
.e2e/interactive-site/assets/square-check-BywqMjsO.js                            0.53 kB
.e2e/interactive-site/assets/user-MNGvVR2z.js                                    0.53 kB
.e2e/interactive-site/assets/line-squiggle-DkwGzsAN.js                           0.53 kB
.e2e/interactive-site/assets/smartphone-DERxpz5x.js                              0.53 kB
.e2e/interactive-site/assets/at-sign-CVvnIdQo.js                                 0.53 kB
.e2e/interactive-site/assets/circle-stop-DlpaQIJZ.js                             0.53 kB
.e2e/interactive-site/assets/flame-CSvc0KlQ.js                                   0.53 kB
.e2e/interactive-site/assets/martini-B57nedKn.js                                 0.53 kB
.e2e/interactive-site/assets/slice-BtoNByvP.js                                   0.53 kB
.e2e/interactive-site/assets/square-dot-CM9iWT79.js                              0.53 kB
.e2e/interactive-site/assets/swiss-franc-kOlGMcbL.js                             0.53 kB
.e2e/interactive-site/assets/text-align-end-feCWgY5r.js                          0.53 kB
.e2e/interactive-site/assets/toggle-left-BsaNFbJo.js                             0.53 kB
.e2e/interactive-site/assets/torus-D1Oweskr.js                                   0.53 kB
.e2e/interactive-site/assets/baseline-BNUn-DKp.js                                0.53 kB
.e2e/interactive-site/assets/square-chevron-up-B20RiSkx.js                       0.53 kB
.e2e/interactive-site/assets/venus-Cg8f-jp1.js                                   0.53 kB
.e2e/interactive-site/assets/radical-B9ipLymd.js                                 0.54 kB
.e2e/interactive-site/assets/rotate-cw-qWFmgvnf.js                               0.54 kB
.e2e/interactive-site/assets/signal-medium-BEuZZjX0.js                           0.54 kB
.e2e/interactive-site/assets/square-radical-t9P0e8tg.js                          0.54 kB
.e2e/interactive-site/assets/text-align-start-AQ8or9ed.js                        0.54 kB
.e2e/interactive-site/assets/toggle-right-BKf3378z.js                            0.54 kB
.e2e/interactive-site/assets/text-align-center-C_4nofvX.js                       0.54 kB
.e2e/interactive-site/assets/check-line-CxFp-YNh.js                              0.54 kB
.e2e/interactive-site/assets/square-chevron-down-BCOJciGu.js                     0.54 kB
.e2e/interactive-site/assets/square-chevron-left-B9O1_uMO.js                     0.54 kB
.e2e/interactive-site/assets/square-chevron-right-BXM5CXQP.js                    0.54 kB
.e2e/interactive-site/assets/text-align-justify-ktGFx9fT.js                      0.54 kB
.e2e/interactive-site/assets/chart-no-axes-gantt-D7ImRJcV.js                     0.54 kB
.e2e/interactive-site/assets/move-diagonal-CqT6K-LF.js                           0.54 kB
.e2e/interactive-site/assets/pocket-DEdeWUON.js                                  0.54 kB
.e2e/interactive-site/assets/chart-no-axes-column-CQJxP5VH.js                    0.54 kB
.e2e/interactive-site/assets/lock-B6NukVgH.js                                    0.54 kB
.e2e/interactive-site/assets/rail-symbol-BaL5Et7C.js                             0.54 kB
.e2e/interactive-site/assets/arrow-up-to-line-CFFFRTDu.js                        0.54 kB
.e2e/interactive-site/assets/circle-plus-B-2X0Ieh.js                             0.54 kB
.e2e/interactive-site/assets/circle-x-D-lT0bzQ.js                                0.54 kB
.e2e/interactive-site/assets/credit-card-D87YQeT_.js                             0.54 kB
.e2e/interactive-site/assets/move-diagonal-2-DgnJeDB5.js                         0.54 kB
.e2e/interactive-site/assets/redo-2-BUChdX7z.js                                  0.54 kB
.e2e/interactive-site/assets/square-slash-CjGiWYuq.js                            0.54 kB
.e2e/interactive-site/assets/arrow-left-to-line-CVyHfIKO.js                      0.54 kB
.e2e/interactive-site/assets/bookmark-check-Do2s07Ui.js                          0.54 kB
.e2e/interactive-site/assets/code-xml-WDW2cWue.js                                0.54 kB
.e2e/interactive-site/assets/move-vertical-B2kJJXc7.js                           0.54 kB
.e2e/interactive-site/assets/square-sigma-Bomhl5ue.js                            0.54 kB
.e2e/interactive-site/assets/undo-2-qTxA0tQV.js                                  0.54 kB
.e2e/interactive-site/assets/arrow-down-to-line-BzxN1dW8.js                      0.54 kB
.e2e/interactive-site/assets/arrow-up-from-line-BcEDw6Wz.js                      0.54 kB
.e2e/interactive-site/assets/cone-AH3FwBMF.js                                    0.54 kB
.e2e/interactive-site/assets/mars-BTWBggaj.js                                    0.54 kB
.e2e/interactive-site/assets/rectangle-circle-Bx08JnPK.js                        0.54 kB
.e2e/interactive-site/assets/spell-check-tc4FuZWV.js                             0.54 kB
.e2e/interactive-site/assets/square-parking-DQegl33A.js                          0.54 kB
.e2e/interactive-site/assets/arrow-down-from-line-CLtnFnAL.js                    0.54 kB
.e2e/interactive-site/assets/arrow-left-from-line-tHrA8Rnv.js                    0.54 kB
.e2e/interactive-site/assets/circle-equal-C6I3xz3e.js                            0.54 kB
.e2e/interactive-site/assets/lock-open-DHuZmt47.js                               0.54 kB
.e2e/interactive-site/assets/move-horizontal-CK_2xhI3.js                         0.54 kB
.e2e/interactive-site/assets/sigma-DORmcQFZ.js                                   0.54 kB
.e2e/interactive-site/assets/square-activity-Cohss2CM.js                         0.54 kB
.e2e/interactive-site/assets/arrow-right-to-line-B9ECwpcB.js                     0.55 kB
.e2e/interactive-site/assets/pause-BdkSery6.js                                   0.55 kB
.e2e/interactive-site/assets/table-2-DgPocCVC.js                                 0.55 kB
.e2e/interactive-site/assets/arrow-right-from-line-CaxpbASD.js                   0.55 kB
.e2e/interactive-site/assets/droplet-Co58Mp4Y.js                                 0.55 kB
.e2e/interactive-site/assets/ratio-Bsd0yjR4.js                                   0.55 kB
.e2e/interactive-site/assets/ungroup-Ce1Eni2z.js                                 0.55 kB
.e2e/interactive-site/assets/asterisk-4ljtaGMJ.js                                0.55 kB
.e2e/interactive-site/assets/mail-DQRnXDa3.js                                    0.55 kB
.e2e/interactive-site/assets/pill-BqTs1aVe.js                                    0.55 kB
.e2e/interactive-site/assets/tablet-DsI7hqZh.js                                  0.55 kB
.e2e/interactive-site/assets/separator-vertical-ChFPBDTx.js                      0.55 kB
.e2e/interactive-site/assets/captions-_ZLpY3TZ.js                                0.55 kB
.e2e/interactive-site/assets/git-commit-vertical-o2rZOqhD.js                     0.55 kB
.e2e/interactive-site/assets/pilcrow-CwUyI_Xs.js                                 0.55 kB
.e2e/interactive-site/assets/flask-round-BsftAteH.js                             0.55 kB
.e2e/interactive-site/assets/separator-horizontal-B9-K_NFR.js                    0.55 kB
.e2e/interactive-site/assets/square-stop-O6JS5tvP.js                             0.55 kB
.e2e/interactive-site/assets/album-OSx3rUZy.js                                   0.55 kB
.e2e/interactive-site/assets/chart-no-axes-column-decreasing-BDeQZWXi.js         0.55 kB
.e2e/interactive-site/assets/chart-no-axes-column-increasing-BIpWNCdo.js         0.55 kB
.e2e/interactive-site/assets/chart-spline-RW7pVxxy.js                            0.55 kB
.e2e/interactive-site/assets/disc-2-Dr3OUA5I.js                                  0.55 kB
.e2e/interactive-site/assets/laptop-minimal-n3gtao_q.js                          0.55 kB
.e2e/interactive-site/assets/moon-9a_ixDn1.js                                    0.55 kB
.e2e/interactive-site/assets/square-square-CQXwGCt6.js                           0.55 kB
.e2e/interactive-site/assets/turkish-lira-BS9eOV2N.js                            0.55 kB
.e2e/interactive-site/assets/arrow-up-from-dot-Bawx9Jdv.js                       0.55 kB
.e2e/interactive-site/assets/dock-CfyiBPdW.js                                    0.55 kB
.e2e/interactive-site/assets/arrow-down-to-dot-BTUaNvUU.js                       0.55 kB
.e2e/interactive-site/assets/circle-arrow-down-B-zwjehU.js                       0.55 kB
.e2e/interactive-site/assets/circle-arrow-up-BtK_oCk8.js                         0.55 kB
.e2e/interactive-site/assets/dollar-sign-RSH_WXnf.js                             0.55 kB
.e2e/interactive-site/assets/music-CI4q7SIM.js                                   0.55 kB
.e2e/interactive-site/assets/audio-waveform-DFLQgtDH.js                          0.55 kB
.e2e/interactive-site/assets/brackets-D6d1kBB7.js                                0.55 kB
.e2e/interactive-site/assets/briefcase-CPKdCfxZ.js                               0.55 kB
.e2e/interactive-site/assets/circle-arrow-left-DTRZV8Ht.js                       0.55 kB
.e2e/interactive-site/assets/cloud-check-B_LfnRNC.js                             0.55 kB
.e2e/interactive-site/assets/cloud-lightning-CbsdQmJO.js                         0.55 kB
.e2e/interactive-site/assets/rows-3-DKTKXDB4.js                                  0.55 kB
.e2e/interactive-site/assets/search-check-CcmI_X7v.js                            0.55 kB
.e2e/interactive-site/assets/search-slash-CjE-xFkg.js                            0.55 kB
.e2e/interactive-site/assets/circle-arrow-right-B71jTZrS.js                      0.56 kB
.e2e/interactive-site/assets/highlighter-B7Gr2YVN.js                             0.56 kB
.e2e/interactive-site/assets/airplay-1577Ynav.js                                 0.56 kB
.e2e/interactive-site/assets/grid-2x2-G5vs_Glt.js                                0.56 kB
.e2e/interactive-site/assets/japanese-yen-g0O8Yfgd.js                            0.56 kB
.e2e/interactive-site/assets/smartphone-charging-A0jlwCVI.js                     0.56 kB
.e2e/interactive-site/assets/stretch-vertical-Dvqb6W5u.js                        0.56 kB
.e2e/interactive-site/assets/columns-3-ByOEOi-B.js                               0.56 kB
.e2e/interactive-site/assets/reply-all-D7UKysB_.js                               0.56 kB
.e2e/interactive-site/assets/beaker-C32Eb0Hf.js                                  0.56 kB
.e2e/interactive-site/assets/bookmark-minus-BVY8EFkx.js                          0.56 kB
.e2e/interactive-site/assets/rss-DSs-OMrj.js                                     0.56 kB
.e2e/interactive-site/assets/square-check-big-D5OSLM31.js                        0.56 kB
.e2e/interactive-site/assets/square-plus-Bn2OQmMH.js                             0.56 kB
.e2e/interactive-site/assets/stretch-horizontal-BO-hIQ0-.js                      0.56 kB
.e2e/interactive-site/assets/touchpad-DyQw9t5Y.js                                0.56 kB
.e2e/interactive-site/assets/undo-dot-CzN_n7SO.js                                0.56 kB
.e2e/interactive-site/assets/wallet-minimal-D6KpvTzd.js                          0.56 kB
.e2e/interactive-site/assets/bluetooth-off-6kkA5sMg.js                           0.56 kB
.e2e/interactive-site/assets/circle-arrow-out-up-left-kBJh_N9C.js                0.56 kB
.e2e/interactive-site/assets/ellipsis-TXGd8LC3.js                                0.56 kB
.e2e/interactive-site/assets/merge-D-JvfaXN.js                                   0.56 kB
.e2e/interactive-site/assets/spline-Dc1WTidN.js                                  0.56 kB
.e2e/interactive-site/assets/target-BU4K53Rz.js                                  0.56 kB
.e2e/interactive-site/assets/battery-low-DVryrod_.js                             0.56 kB
.e2e/interactive-site/assets/square-equal-CfLDO7-F.js                            0.56 kB
.e2e/interactive-site/assets/ear-Dp33cw9j.js                                     0.56 kB
.e2e/interactive-site/assets/equal-approximately-BD8Ng722.js                     0.56 kB
.e2e/interactive-site/assets/folder-BbenQpnm.js                                  0.56 kB
.e2e/interactive-site/assets/git-merge-CuWwQbdw.js                               0.56 kB
.e2e/interactive-site/assets/message-square-Cq55DxdQ.js                          0.56 kB
.e2e/interactive-site/assets/panels-top-left-DZXDzKwD.js                         0.56 kB
.e2e/interactive-site/assets/square-round-corner-C9lhTwM1.js                     0.56 kB
.e2e/interactive-site/assets/tally-4-BRD47vMg.js                                 0.56 kB
.e2e/interactive-site/assets/share-D-OSP_t3.js                                   0.56 kB
.e2e/interactive-site/assets/user-round-minus-CF-hSKrv.js                        0.56 kB
.e2e/interactive-site/assets/circle-arrow-out-up-right-DXpAJjTF.js               0.56 kB
.e2e/interactive-site/assets/circle-power-DR345n_2.js                            0.56 kB
.e2e/interactive-site/assets/clock-check-Uua_-sZg.js                             0.56 kB
.e2e/interactive-site/assets/dice-2-Ct-M-ABh.js                                  0.56 kB
.e2e/interactive-site/assets/gallery-vertical-CslCF5kU.js                        0.56 kB
.e2e/interactive-site/assets/library-aG2kGw9J.js                                 0.56 kB
.e2e/interactive-site/assets/log-out-DWmBOVWM.js                                 0.56 kB
.e2e/interactive-site/assets/omega-MApEkEUt.js                                   0.56 kB
.e2e/interactive-site/assets/section-Dk6Bx3fx.js                                 0.56 kB
.e2e/interactive-site/assets/upload-BBlQBDzh.js                                  0.56 kB
.e2e/interactive-site/assets/vote-DcI_uQn2.js                                    0.56 kB
.e2e/interactive-site/assets/divide-BhhgTWqv.js                                  0.57 kB
.e2e/interactive-site/assets/gallery-horizontal-ByenSkt0.js                      0.57 kB
.e2e/interactive-site/assets/log-in-T46OVtpO.js                                  0.57 kB
.e2e/interactive-site/assets/rainbow-jKFvYXzC.js                                 0.57 kB
.e2e/interactive-site/assets/square-x-B5Fg3llu.js                                0.57 kB
.e2e/interactive-site/assets/text-quote-CQo2xlDj.js                              0.57 kB
.e2e/interactive-site/assets/circle-arrow-out-down-left-D1T_hVYO.js              0.57 kB
.e2e/interactive-site/assets/club-DTXXAKjY.js                                    0.57 kB
.e2e/interactive-site/assets/door-closed-bL-wpO2x.js                             0.57 kB
.e2e/interactive-site/assets/download-C9hzLmx_.js                                0.57 kB
.e2e/interactive-site/assets/hdmi-port-C4ElIzqr.js                               0.57 kB
.e2e/interactive-site/assets/headphones-BWwnYD56.js                              0.57 kB
.e2e/interactive-site/assets/hexagon-th2DnmQY.js                                 0.57 kB
.e2e/interactive-site/assets/panels-left-bottom-DgekHcvY.js                      0.57 kB
.e2e/interactive-site/assets/philippine-peso-DSdWEth-.js                         0.57 kB
.e2e/interactive-site/assets/wifi-high-lBFK4FcP.js                               0.57 kB
.e2e/interactive-site/assets/gallery-vertical-end-D09u49i7.js                    0.57 kB
.e2e/interactive-site/assets/list-minus-CbZ9sksG.js                              0.57 kB
.e2e/interactive-site/assets/paperclip-BnkahDkU.js                               0.57 kB
.e2e/interactive-site/assets/activity-B3R34PQL.js                                0.57 kB
.e2e/interactive-site/assets/heading-1-CzV9EL7P.js                               0.57 kB
.e2e/interactive-site/assets/mountain-snow-CK8NzPli.js                           0.57 kB
.e2e/interactive-site/assets/panel-left-open-DpMC9jDL.js                         0.57 kB
.e2e/interactive-site/assets/panel-top-close-1uOZz-40.js                         0.57 kB
.e2e/interactive-site/assets/panel-top-open-CkqVJHt-.js                          0.57 kB
.e2e/interactive-site/assets/panels-right-bottom-CntGBwcS.js                     0.57 kB
.e2e/interactive-site/assets/presentation-CGshV0o1.js                            0.57 kB
.e2e/interactive-site/assets/user-round-check-BzUWw15c.js                        0.57 kB
.e2e/interactive-site/assets/voicemail-fTsy6Vvn.js                               0.57 kB
.e2e/interactive-site/assets/ellipsis-vertical-DIfpj6tp.js                       0.57 kB
.e2e/interactive-site/assets/mic-CgNPows5.js                                     0.57 kB
.e2e/interactive-site/assets/pen-mz2FOgBB.js                                     0.57 kB
.e2e/interactive-site/assets/book-minus-CDdiii7d.js                              0.57 kB
.e2e/interactive-site/assets/circle-arrow-out-down-right-BqlRGTYB.js             0.57 kB
.e2e/interactive-site/assets/gallery-horizontal-end-CIsw4ukW.js                  0.57 kB
.e2e/interactive-site/assets/panel-left-close-CCuZiXKm.js                        0.57 kB
.e2e/interactive-site/assets/panel-right-close-Bm3RDwcm.js                       0.57 kB
.e2e/interactive-site/assets/pi-BRgmALgb.js                                      0.57 kB
.e2e/interactive-site/assets/signal-high-DGBit76L.js                             0.57 kB
.e2e/interactive-site/assets/square-arrow-down-CfspRHYA.js                       0.57 kB
.e2e/interactive-site/assets/square-arrow-up-DNaOijrz.js                         0.57 kB
.e2e/interactive-site/assets/annoyed-BpVH5OPB.js                                 0.57 kB
.e2e/interactive-site/assets/circle-gauge-BTTjjUrI.js                            0.57 kB
.e2e/interactive-site/assets/history-BdSkl3cu.js                                 0.57 kB
.e2e/interactive-site/assets/panel-bottom-open-Ci2Db_oo.js                       0.57 kB
.e2e/interactive-site/assets/panel-right-open-DfqsFm2f.js                        0.57 kB
.e2e/interactive-site/assets/skip-back-D-ppqQj3.js                               0.57 kB
.e2e/interactive-site/assets/skip-forward-DKflpnZ8.js                            0.57 kB
.e2e/interactive-site/assets/square-arrow-left-DmYM9_aR.js                       0.57 kB
.e2e/interactive-site/assets/square-arrow-up-right-_gmfFEnv.js                   0.57 kB
.e2e/interactive-site/assets/disc-album-Zh1G2wfA.js                              0.57 kB
.e2e/interactive-site/assets/list-check-DQxRveqc.js                              0.57 kB
.e2e/interactive-site/assets/maximize-2-D54U3RX9.js                              0.57 kB
.e2e/interactive-site/assets/panel-bottom-close-BfZpUnst.js                      0.57 kB
.e2e/interactive-site/assets/shell-CD6tC-xp.js                                   0.57 kB
.e2e/interactive-site/assets/square-arrow-right-CMknJkaW.js                      0.57 kB
.e2e/interactive-site/assets/square-arrow-up-left-DZLcD9Y7.js                    0.57 kB
.e2e/interactive-site/assets/step-back-Dscv4YJ4.js                               0.57 kB
.e2e/interactive-site/assets/step-forward-DtkBlves.js                            0.57 kB
.e2e/interactive-site/assets/timer-CQf166xQ.js                                   0.57 kB
.e2e/interactive-site/assets/ampersand-CR5nVART.js                               0.57 kB
.e2e/interactive-site/assets/bed-COliqaBm.js                                     0.57 kB
.e2e/interactive-site/assets/circle-user-round-rEwEsm5q.js                       0.57 kB
.e2e/interactive-site/assets/cloud-alert-71-TN0n3.js                             0.57 kB
.e2e/interactive-site/assets/square-arrow-down-right-B0U33CH_.js                 0.57 kB
.e2e/interactive-site/assets/align-vertical-space-around-BBQvbCDx.js             0.57 kB
.e2e/interactive-site/assets/laptop-minimal-check-D1emO22K.js                    0.57 kB
.e2e/interactive-site/assets/minimize-2-DySWvNSI.js                              0.57 kB
.e2e/interactive-site/assets/redo-dot-bnsWS0Kt.js                                0.57 kB
.e2e/interactive-site/assets/square-arrow-down-left-cNnNwKgn.js                  0.57 kB
.e2e/interactive-site/assets/message-circle-DLahZPEs.js                          0.58 kB
.e2e/interactive-site/assets/popsicle-BSnC3n2I.js                                0.58 kB
.e2e/interactive-site/assets/proportions-B3ysxKt3.js                             0.58 kB
.e2e/interactive-site/assets/align-horizontal-space-around-B5bR8dm8.js           0.58 kB
.e2e/interactive-site/assets/link-2-D9d2WoDI.js                                  0.58 kB
.e2e/interactive-site/assets/percent-D0Bw9gnM.js                                 0.58 kB
.e2e/interactive-site/assets/square-terminal-DxWA3Wt6.js                         0.58 kB
.e2e/interactive-site/assets/book-check-BfftK2jD.js                              0.58 kB
.e2e/interactive-site/assets/cloud-fog-BNlyU_iK.js                               0.58 kB
.e2e/interactive-site/assets/database-B44PKm8s.js                                0.58 kB
.e2e/interactive-site/assets/move-3d-CmK_QLm9.js                                 0.58 kB
.e2e/interactive-site/assets/user-check-BTQE-_a8.js                              0.58 kB
.e2e/interactive-site/assets/cloudy-Bcll4K1-.js                                  0.58 kB
.e2e/interactive-site/assets/diamond-DBfrBLhp.js                                 0.58 kB
.e2e/interactive-site/assets/italic-D0aCRZRO.js                                  0.58 kB
.e2e/interactive-site/assets/arrow-down-up-D2fb7dze.js                           0.58 kB
.e2e/interactive-site/assets/arrow-up-down-B8_TWb3z.js                           0.58 kB
.e2e/interactive-site/assets/banknote-BD66uwYb.js                                0.58 kB
.e2e/interactive-site/assets/bluetooth-searching-x4XA5s8V.js                     0.58 kB
.e2e/interactive-site/assets/bookmark-x-CZxm2J6y.js                              0.58 kB
.e2e/interactive-site/assets/chart-bar-ZuNo3r-z.js                               0.58 kB
.e2e/interactive-site/assets/grid-2x2-check-o35zfX_c.js                          0.58 kB
.e2e/interactive-site/assets/pentagon-BXyr334D.js                                0.58 kB
.e2e/interactive-site/assets/vibrate-WGXoH91r.js                                 0.58 kB
.e2e/interactive-site/assets/circle-pause-BE-nHnUy.js                            0.58 kB
.e2e/interactive-site/assets/equal-not-ph2UdspB.js                               0.58 kB
.e2e/interactive-site/assets/square-power-CUSkJFhj.js                            0.58 kB
.e2e/interactive-site/assets/twitter-69y2oCAk.js                                 0.58 kB
.e2e/interactive-site/assets/wind-Dn5umaIP.js                                    0.58 kB
.e2e/interactive-site/assets/book-marked-Ct0jhMMn.js                             0.58 kB
.e2e/interactive-site/assets/non-binary--pscVzzS.js                              0.58 kB
.e2e/interactive-site/assets/picture-in-picture-2-C5wSrvVa.js                    0.58 kB
.e2e/interactive-site/assets/strikethrough-DL2RNf9s.js                           0.58 kB
.e2e/interactive-site/assets/arrow-left-right-wkOEV1E3.js                        0.58 kB
.e2e/interactive-site/assets/arrow-right-left-BR3MMeKc.js                        0.58 kB
.e2e/interactive-site/assets/chart-gantt-Cjj2tS8h.js                             0.58 kB
.e2e/interactive-site/assets/circle-dollar-sign-kHjyMwM7.js                      0.58 kB
.e2e/interactive-site/assets/circle-question-mark-2eY8esZk.js                    0.58 kB
.e2e/interactive-site/assets/goal-Ci1emTqy.js                                    0.58 kB
.e2e/interactive-site/assets/squares-unite-DXnk--CJ.js                           0.58 kB
.e2e/interactive-site/assets/video-CzY9Iu1o.js                                   0.58 kB
.e2e/interactive-site/assets/zoom-out-Dq94fA7b.js                                0.58 kB
.e2e/interactive-site/assets/circle-off-BYFcxhla.js                              0.58 kB
.e2e/interactive-site/assets/donut-ChafPCYO.js                                   0.58 kB
.e2e/interactive-site/assets/flag-MK7HIbhL.js                                    0.58 kB
.e2e/interactive-site/assets/list-indent-decrease-DKw_cDAm.js                    0.58 kB
.e2e/interactive-site/assets/list-indent-increase-BytBoOeJ.js                    0.58 kB
.e2e/interactive-site/assets/tent-CAZoa-pV.js                                    0.58 kB
.e2e/interactive-site/assets/test-tube-mWivavXp.js                               0.58 kB
.e2e/interactive-site/assets/chart-column-CY3AOm7F.js                            0.59 kB
.e2e/interactive-site/assets/cloud-upload-98gmyl8f.js                            0.59 kB
.e2e/interactive-site/assets/compass-BlbNpR7Y.js                                 0.59 kB
.e2e/interactive-site/assets/external-link-Dd-bcaR8.js                           0.59 kB
.e2e/interactive-site/assets/georgian-lari-D6VHUaom.js                           0.59 kB
.e2e/interactive-site/assets/mouse-pointer-2-C9h8mlHY.js                         0.59 kB
.e2e/interactive-site/assets/sword-BM_n81E4.js                                   0.59 kB
.e2e/interactive-site/assets/circle-percent-5WEM4kmE.js                          0.59 kB
.e2e/interactive-site/assets/lollipop-DOo_MycS.js                                0.59 kB
.e2e/interactive-site/assets/settings-2-jRnTD8Ha.js                              0.59 kB
.e2e/interactive-site/assets/trash-BW8_oV57.js                                   0.59 kB
.e2e/interactive-site/assets/webcam-DtvjLUNm.js                                  0.59 kB
.e2e/interactive-site/assets/archive-CUyJwitL.js                                 0.59 kB
.e2e/interactive-site/assets/mars-stroke-Bf1t411z.js                             0.59 kB
.e2e/interactive-site/assets/pyramid-B332MTRb.js                                 0.59 kB
.e2e/interactive-site/assets/rectangle-goggles-DUUYpJ42.js                       0.59 kB
.e2e/interactive-site/assets/search-alert-yJfoYOuL.js                            0.59 kB
.e2e/interactive-site/assets/ticket-minus-DIX1VEaX.js                            0.59 kB
.e2e/interactive-site/assets/users-round-BVIVWjpO.js                             0.59 kB
.e2e/interactive-site/assets/git-commit-horizontal-CIxfoQId.js                   0.59 kB
.e2e/interactive-site/assets/pound-sterling-BZAMLrVq.js                          0.59 kB
.e2e/interactive-site/assets/route-URUAtlfS.js                                   0.59 kB
.e2e/interactive-site/assets/ticket-slash-F0dTVTTD.js                            0.59 kB
.e2e/interactive-site/assets/circle-ellipsis-DlzZprgO.js                         0.59 kB
.e2e/interactive-site/assets/lock-keyhole-Dle9fHji.js                            0.59 kB
.e2e/interactive-site/assets/text-wrap-CsA7mlAM.js                               0.59 kB
.e2e/interactive-site/assets/chart-bar-decreasing-Bt8w__l5.js                    0.59 kB
.e2e/interactive-site/assets/chart-bar-increasing-DI7adkmk.js                    0.59 kB
.e2e/interactive-site/assets/circle-play-CJYmMBk3.js                             0.59 kB
.e2e/interactive-site/assets/clipboard-BgjIaA4S.js                               0.59 kB
.e2e/interactive-site/assets/eye-Ckm2rdFx.js                                     0.59 kB
.e2e/interactive-site/assets/funnel-D1-DWSap.js                                  0.59 kB
.e2e/interactive-site/assets/handbag-Dak0G9Z7.js                                 0.59 kB
.e2e/interactive-site/assets/square-kanban-Btrz50rH.js                           0.59 kB
.e2e/interactive-site/assets/square-m-sh7IwlpS.js                                0.59 kB
.e2e/interactive-site/assets/square-user-round-CEsj_bxa.js                       0.59 kB
.e2e/interactive-site/assets/table-DDv_l8fn.js                                   0.59 kB
.e2e/interactive-site/assets/user-minus-BFncmhMH.js                              0.59 kB
.e2e/interactive-site/assets/calendar-D9DbrmP1.js                                0.59 kB
.e2e/interactive-site/assets/person-standing-h38xcpV6.js                         0.59 kB
.e2e/interactive-site/assets/search-x-D-3_0xeE.js                                0.59 kB
.e2e/interactive-site/assets/zap-DaNdvMtW.js                                     0.59 kB
.e2e/interactive-site/assets/app-window-D9O2CRro.js                              0.59 kB
.e2e/interactive-site/assets/bluetooth-connected-CGKDxi38.js                     0.59 kB
.e2e/interactive-site/assets/grid-3x2-DfTkGVtE.js                                0.59 kB
.e2e/interactive-site/assets/heart-DFqRIuLc.js                                   0.59 kB
.e2e/interactive-site/assets/pc-case-7snApJLj.js                                 0.59 kB
.e2e/interactive-site/assets/anchor-D19nkdGi.js                                  0.59 kB
.e2e/interactive-site/assets/heading-2-BkvtSb9c.js                               0.59 kB
.e2e/interactive-site/assets/map-pin-BFcxSjt0.js                                 0.59 kB
.e2e/interactive-site/assets/monitor-DMiXOZH7.js                                 0.59 kB
.e2e/interactive-site/assets/music-4-CwYrx4Hz.js                                 0.59 kB
.e2e/interactive-site/assets/refrigerator-l_NmddH8.js                            0.59 kB
.e2e/interactive-site/assets/split-CEm-1blH.js                                   0.59 kB
.e2e/interactive-site/assets/square-arrow-out-up-left-1GyEz1Mn.js                0.59 kB
.e2e/interactive-site/assets/ticket-check-DpUdokyv.js                            0.59 kB
.e2e/interactive-site/assets/align-end-vertical-C2dqjPdX.js                      0.59 kB
.e2e/interactive-site/assets/circle-user-km5ceiGI.js                             0.59 kB
.e2e/interactive-site/assets/euro-qNhLBiBu.js                                    0.59 kB
.e2e/interactive-site/assets/map-pin-minus-inside-4N9fIsmI.js                    0.59 kB
.e2e/interactive-site/assets/text-cursor-BUfmyGDB.js                             0.59 kB
.e2e/interactive-site/assets/weight-C-xBGEND.js                                  0.59 kB
.e2e/interactive-site/assets/align-start-vertical-CYz7V4Ee.js                    0.60 kB
.e2e/interactive-site/assets/bed-single-CJz1ArJb.js                              0.60 kB
.e2e/interactive-site/assets/cloud-download-CCQwFjLH.js                          0.60 kB
.e2e/interactive-site/assets/rows-4-D9zTIsDD.js                                  0.60 kB
.e2e/interactive-site/assets/square-arrow-out-up-right-DiFCvRXn.js               0.60 kB
.e2e/interactive-site/assets/utensils-BYQ8rhG2.js                                0.60 kB
.e2e/interactive-site/assets/align-end-horizontal--O5aI7gL.js                    0.60 kB
.e2e/interactive-site/assets/chart-column-decreasing-BieyToKE.js                 0.60 kB
.e2e/interactive-site/assets/chart-column-increasing-CXHjCvMF.js                 0.60 kB
.e2e/interactive-site/assets/clock-alert-BS03pbbc.js                             0.60 kB
.e2e/interactive-site/assets/ghost-Di2uaULR.js                                   0.60 kB
.e2e/interactive-site/assets/import-ymw6RJY-.js                                  0.60 kB
.e2e/interactive-site/assets/lock-keyhole-open-25xLMD5X.js                       0.60 kB
.e2e/interactive-site/assets/navigation-off-9t_4E_7a.js                          0.60 kB
.e2e/interactive-site/assets/square-menu-BWJ5cjsG.js                             0.60 kB
.e2e/interactive-site/assets/tree-deciduous-CK3DNfjX.js                          0.60 kB
.e2e/interactive-site/assets/vegan-Rd4EPeG2.js                                   0.60 kB
.e2e/interactive-site/assets/align-start-horizontal-CUN0eujX.js                  0.60 kB
.e2e/interactive-site/assets/closed-caption-CyouU9X0.js                          0.60 kB
.e2e/interactive-site/assets/navigation-2-off-D_iypsZL.js                        0.60 kB
.e2e/interactive-site/assets/square-arrow-out-down-left-DAHUxQ-7.js              0.60 kB
.e2e/interactive-site/assets/square-pause-BW6Dn6Dh.js                            0.60 kB
.e2e/interactive-site/assets/test-tube-diagonal-DKfI4hQ6.js                      0.60 kB
.e2e/interactive-site/assets/columns-4-DHl2O82X.js                               0.60 kB
.e2e/interactive-site/assets/key-B_h3YDjE.js                                     0.60 kB
.e2e/interactive-site/assets/scroll-BnDYyOoi.js                                  0.60 kB
.e2e/interactive-site/assets/tablets-Ca3IUjsO.js                                 0.60 kB
.e2e/interactive-site/assets/barcode-DIOXJmqV.js                                 0.60 kB
.e2e/interactive-site/assets/case-lower-DV-qquzz.js                              0.60 kB
.e2e/interactive-site/assets/leaf-CwHlg2UL.js                                    0.60 kB
.e2e/interactive-site/assets/trending-up-down-DNguh8-R.js                        0.60 kB
.e2e/interactive-site/assets/triangle-alert-5_yPUYIS.js                          0.60 kB
.e2e/interactive-site/assets/user-round-plus-D3CgH-oW.js                         0.60 kB
.e2e/interactive-site/assets/user-round-x-CZNCoeCl.js                            0.60 kB
.e2e/interactive-site/assets/workflow-DIT9CbB5.js                                0.60 kB
.e2e/interactive-site/assets/map-pin-check-inside-R5_RiORr.js                    0.60 kB
.e2e/interactive-site/assets/radio-receiver-B_pJaRpF.js                          0.60 kB
.e2e/interactive-site/assets/square-dashed-bottom-vkF4tfOR.js                    0.60 kB
.e2e/interactive-site/assets/tornado-80J6lSg0.js                                 0.60 kB
.e2e/interactive-site/assets/square-arrow-out-down-right-C-qaTysC.js             0.60 kB
.e2e/interactive-site/assets/square-chart-gantt-Dmbz5Abd.js                      0.60 kB
.e2e/interactive-site/assets/square-library-wqJpiwZ-.js                          0.60 kB
.e2e/interactive-site/assets/table-properties-URxMzqP9.js                        0.60 kB
.e2e/interactive-site/assets/tally-5-JXpjJhDO.js                                 0.60 kB
.e2e/interactive-site/assets/app-window-mac-Dy8-WSMm.js                          0.60 kB
.e2e/interactive-site/assets/axis-3d-DFnf_nYy.js                                 0.60 kB
.e2e/interactive-site/assets/badge-kfDJdgS8.js                                   0.60 kB
.e2e/interactive-site/assets/battery-medium-ft6j8r-O.js                          0.60 kB
.e2e/interactive-site/assets/between-vertical-end-Nzl7i5Yv.js                    0.60 kB
.e2e/interactive-site/assets/list-plus-ChrLv6ts.js                               0.60 kB
.e2e/interactive-site/assets/signal-CvZ64mSp.js                                  0.60 kB
.e2e/interactive-site/assets/table-cells-split-B669Z0_r.js                       0.60 kB
.e2e/interactive-site/assets/align-vertical-justify-end-2NG0DJ26.js              0.60 kB
.e2e/interactive-site/assets/dice-3-CdXLp9ZA.js                                  0.60 kB
.e2e/interactive-site/assets/ice-cream-cone-DyoiOAIx.js                          0.60 kB
.e2e/interactive-site/assets/monitor-check-Dy_VaqFD.js                           0.60 kB
.e2e/interactive-site/assets/square-percent-C6FEGyIz.js                          0.60 kB
.e2e/interactive-site/assets/square-user-DkJ-AqXR.js                             0.60 kB
.e2e/interactive-site/assets/timer-reset-BG73saJy.js                             0.60 kB
.e2e/interactive-site/assets/trello-C6ua9VDh.js                                  0.60 kB
.e2e/interactive-site/assets/align-vertical-justify-start-DhDrkNSN.js            0.60 kB
.e2e/interactive-site/assets/balloon-CMjJwgUz.js                                 0.60 kB
.e2e/interactive-site/assets/between-vertical-start-DhVkM2gQ.js                  0.60 kB
.e2e/interactive-site/assets/book-text-buiF_R2J.js                               0.60 kB
.e2e/interactive-site/assets/circle-pound-sterling-BK_rIlBP.js                   0.60 kB
.e2e/interactive-site/assets/file-BihJfKNx.js                                    0.60 kB
.e2e/interactive-site/assets/folder-minus-Ddy-dNLu.js                            0.60 kB
.e2e/interactive-site/assets/rotate-cw-square-qnMQANtC.js                        0.60 kB
.e2e/interactive-site/assets/signpost-big-DiX6Wifn.js                            0.60 kB
.e2e/interactive-site/assets/align-horizontal-justify-end-VpqmwTuf.js            0.61 kB
.e2e/interactive-site/assets/between-horizontal-end-BDZb6xmI.js                  0.61 kB
.e2e/interactive-site/assets/between-horizontal-start-DAlu80WF.js                0.61 kB
.e2e/interactive-site/assets/book-plus-DadFPMWk.js                               0.61 kB
.e2e/interactive-site/assets/chart-bar-big-KBXkh6hv.js                           0.61 kB
.e2e/interactive-site/assets/align-horizontal-justify-start-BjYC_WlA.js          0.61 kB
.e2e/interactive-site/assets/align-vertical-justify-center-Byntbhv1.js           0.61 kB
.e2e/interactive-site/assets/folder-closed-BJJxwQu0.js                           0.61 kB
.e2e/interactive-site/assets/list-filter-plus-BYeDk6yj.js                        0.61 kB
.e2e/interactive-site/assets/pen-line-BS-t6DzJ.js                                0.61 kB
.e2e/interactive-site/assets/repeat-BYGZxVRC.js                                  0.61 kB
.e2e/interactive-site/assets/rotate-ccw-square-CR_iRhcP.js                       0.61 kB
.e2e/interactive-site/assets/search-code-B11dIQKR.js                             0.61 kB
.e2e/interactive-site/assets/shield-CDzF4VFC.js                                  0.61 kB
.e2e/interactive-site/assets/square-asterisk-C0vfmUZQ.js                         0.61 kB
.e2e/interactive-site/assets/square-play-BVqRd7fv.js                             0.61 kB
.e2e/interactive-site/assets/chart-column-big-CEZV1jYF.js                        0.61 kB
.e2e/interactive-site/assets/chart-pie-Dbq236-T.js                               0.61 kB
.e2e/interactive-site/assets/clock-plus-2zxOX6hP.js                              0.61 kB
.e2e/interactive-site/assets/git-branch-minus-ByuhLQtk.js                        0.61 kB
.e2e/interactive-site/assets/mail-minus-BVmocANm.js                              0.61 kB
.e2e/interactive-site/assets/repeat-2-CPvJ8R_m.js                                0.61 kB
.e2e/interactive-site/assets/speaker-Beetz9ZC.js                                 0.61 kB
.e2e/interactive-site/assets/align-horizontal-justify-center-CZP3SyTc.js         0.61 kB
.e2e/interactive-site/assets/award-CCBYslwz.js                                   0.61 kB
.e2e/interactive-site/assets/braces-CP6_A3m4.js                                  0.61 kB
.e2e/interactive-site/assets/square-function-WQ7vnhBp.js                         0.61 kB
.e2e/interactive-site/assets/square-pi-oy8k54PX.js                               0.61 kB
.e2e/interactive-site/assets/umbrella-xY0D57TR.js                                0.61 kB
.e2e/interactive-site/assets/book-alert-BpAwEjQ1.js                              0.61 kB
.e2e/interactive-site/assets/book-x-DdUcSUpF.js                                  0.61 kB
.e2e/interactive-site/assets/list-x-Bj0QYGvZ.js                                  0.61 kB
.e2e/interactive-site/assets/message-square-dot-BiIeNDxh.js                      0.61 kB
.e2e/interactive-site/assets/receipt-euro-D05Bu8xa.js                            0.61 kB
.e2e/interactive-site/assets/rectangle-ellipsis-Cw2WDWsT.js                      0.61 kB
.e2e/interactive-site/assets/book-up-BY8CY-vG.js                                 0.61 kB
.e2e/interactive-site/assets/folder-check-DSrg0P23.js                            0.61 kB
.e2e/interactive-site/assets/grid-2x2-plus-BoJWNLpa.js                           0.61 kB
.e2e/interactive-site/assets/grid-2x2-x-BgaaZHxt.js                              0.61 kB
.e2e/interactive-site/assets/pencil-BNw2Dozl.js                                  0.61 kB
.e2e/interactive-site/assets/rewind-T7eYIZwG.js                                  0.61 kB
.e2e/interactive-site/assets/arrow-big-up-BZH2c6nq.js                            0.61 kB
.e2e/interactive-site/assets/bolt-D6mUL3xT.js                                    0.61 kB
.e2e/interactive-site/assets/clock-arrow-down-BW5nkrnZ.js                        0.61 kB
.e2e/interactive-site/assets/eraser-CUp7sUhE.js                                  0.61 kB
.e2e/interactive-site/assets/a-arrow-up-DSyG8K2c.js                              0.61 kB
.e2e/interactive-site/assets/bomb-Cour1bHK.js                                    0.61 kB
.e2e/interactive-site/assets/book-a-C2_QyfCf.js                                  0.61 kB
.e2e/interactive-site/assets/book-down-BUh8z3Zv.js                               0.61 kB
.e2e/interactive-site/assets/bookmark-plus-CSas7-jh.js                           0.61 kB
.e2e/interactive-site/assets/receipt-cent-kYh5X30M.js                            0.61 kB
.e2e/interactive-site/assets/scale-3d-DkPQwQ_V.js                                0.61 kB
.e2e/interactive-site/assets/volume-wSYruDBo.js                                  0.61 kB
.e2e/interactive-site/assets/book-open-B7CmnsOR.js                               0.61 kB
.e2e/interactive-site/assets/coins-D58U6KEy.js                                   0.61 kB
.e2e/interactive-site/assets/decimals-arrow-left-AwMAY0p_.js                     0.61 kB
.e2e/interactive-site/assets/lamp-floor-Dct6obCC.js                              0.61 kB
.e2e/interactive-site/assets/list-checks-BexQl7i2.js                             0.61 kB
.e2e/interactive-site/assets/mail-check-B4pJvm4b.js                              0.61 kB
.e2e/interactive-site/assets/power-off-DB33loSK.js                               0.61 kB
.e2e/interactive-site/assets/user-search-BVOJlxwj.js                             0.61 kB
.e2e/interactive-site/assets/a-arrow-down-CFqOHTKF.js                            0.61 kB
.e2e/interactive-site/assets/arrow-big-left-CxD83ZFj.js                          0.61 kB
.e2e/interactive-site/assets/cloud-rain-CcG6JxKV.js                              0.61 kB
.e2e/interactive-site/assets/fast-forward-BEu_3UuB.js                            0.61 kB
.e2e/interactive-site/assets/git-branch-Dq2xSDKy.js                              0.61 kB
.e2e/interactive-site/assets/list-music-DzGzS5Gr.js                              0.61 kB
.e2e/interactive-site/assets/sticky-note-DXRS3HvX.js                             0.61 kB
.e2e/interactive-site/assets/wifi-DW8HlmiA.js                                    0.61 kB
.e2e/interactive-site/assets/arrow-big-right-Bg8J_6Vo.js                         0.62 kB
.e2e/interactive-site/assets/clock-arrow-up-BmJlCqYJ.js                          0.62 kB
.e2e/interactive-site/assets/house-CQiWPNqk.js                                   0.62 kB
.e2e/interactive-site/assets/scaling-CavxCkTG.js                                 0.62 kB
.e2e/interactive-site/assets/wallet-CdEOUXDj.js                                  0.62 kB
.e2e/interactive-site/assets/wind-arrow-down-BfQUCObm.js                         0.62 kB
.e2e/interactive-site/assets/drumstick-tTlt2Nh7.js                               0.62 kB
.e2e/interactive-site/assets/form-3SRvEOYw.js                                    0.62 kB
.e2e/interactive-site/assets/plug-2-DkxFSBQI.js                                  0.62 kB
.e2e/interactive-site/assets/square-split-vertical-CWeColG-.js                   0.62 kB
.e2e/interactive-site/assets/tablet-smartphone-CYos4egU.js                       0.62 kB
.e2e/interactive-site/assets/arrow-big-down-CNg7HZSr.js                          0.62 kB
.e2e/interactive-site/assets/heading-4-TaTiMuQ3.js                               0.62 kB
.e2e/interactive-site/assets/wine-BjuZr4aG.js                                    0.62 kB
.e2e/interactive-site/assets/arrow-up-narrow-wide-X8P6G0Uu.js                    0.62 kB
.e2e/interactive-site/assets/arrow-up-wide-narrow-D7WRTr7W.js                    0.62 kB
.e2e/interactive-site/assets/folder-dot-BanoYLuj.js                              0.62 kB
.e2e/interactive-site/assets/mail-open-Bj7XveRJ.js                               0.62 kB
.e2e/interactive-site/assets/scan-Dg9TPv0Y.js                                    0.62 kB
.e2e/interactive-site/assets/square-split-horizontal-CQifXRho.js                 0.62 kB
.e2e/interactive-site/assets/arrow-down-narrow-wide-Db2-84Zp.js                  0.62 kB
.e2e/interactive-site/assets/arrow-down-wide-narrow-CQ0jmzue.js                  0.62 kB
.e2e/interactive-site/assets/copy-check-C1DZYr72.js                              0.62 kB
.e2e/interactive-site/assets/diamond-minus-BMfkRo4o.js                           0.62 kB
.e2e/interactive-site/assets/git-compare-PzE7xdcZ.js                             0.62 kB
.e2e/interactive-site/assets/glass-water-C2-dI2CG.js                             0.62 kB
.e2e/interactive-site/assets/ligature-yPR8j3JL.js                                0.62 kB
.e2e/interactive-site/assets/list-collapse-t2IQy6v-.js                           0.62 kB
.e2e/interactive-site/assets/remove-formatting-BUWcX5rA.js                       0.62 kB
.e2e/interactive-site/assets/satellite-dish-Buy4NNSf.js                          0.62 kB
.e2e/interactive-site/assets/send-horizontal-D_k0RZgx.js                         0.62 kB
.e2e/interactive-site/assets/send-D_1d-dY4.js                                    0.62 kB
.e2e/interactive-site/assets/inbox-CRQiCL5-.js                                   0.62 kB
.e2e/interactive-site/assets/layout-template-eWhkXo4O.js                         0.62 kB
.e2e/interactive-site/assets/lightbulb-DEjtL52S.js                               0.62 kB
.e2e/interactive-site/assets/plug-CTV-3YYq.js                                    0.62 kB
.e2e/interactive-site/assets/shirt-CFWjthZ6.js                                   0.62 kB
.e2e/interactive-site/assets/user-round-search-Cw2ojPjU.js                       0.62 kB
.e2e/interactive-site/assets/arrows-up-from-line-DQpk8BMD.js                     0.62 kB
.e2e/interactive-site/assets/computer-hlwXca71.js                                0.62 kB
.e2e/interactive-site/assets/fishing-hook-CK9VIREA.js                            0.62 kB
.e2e/interactive-site/assets/layout-panel-left-B1k283L_.js                       0.62 kB
.e2e/interactive-site/assets/layout-panel-top-GQX8cdAV.js                        0.62 kB
.e2e/interactive-site/assets/text-search-lYUxm4sy.js                             0.62 kB
.e2e/interactive-site/assets/toy-brick-DbtMUHwn.js                               0.62 kB
.e2e/interactive-site/assets/bike-DcaO_l6f.js                                    0.62 kB
.e2e/interactive-site/assets/disc-3-JtotBj5V.js                                  0.62 kB
.e2e/interactive-site/assets/list-chevrons-down-up-BLHCZeEN.js                   0.62 kB
.e2e/interactive-site/assets/list-chevrons-up-down-DAg52b-4.js                   0.62 kB
.e2e/interactive-site/assets/receipt-russian-ruble-cmICkzoR.js                   0.62 kB
.e2e/interactive-site/assets/shrub-BRp27Kve.js                                   0.62 kB
.e2e/interactive-site/assets/tangent-D1viMOnt.js                                 0.62 kB
.e2e/interactive-site/assets/ticket-plus-BXW1ewzD.js                             0.62 kB
.e2e/interactive-site/assets/git-pull-request-Bx_XHxO_.js                        0.62 kB
.e2e/interactive-site/assets/list-end-BA-j72AN.js                                0.62 kB
.e2e/interactive-site/assets/pill-bottle-CpS-BBzx.js                             0.62 kB
.e2e/interactive-site/assets/square-pilcrow-F0C1v-7o.js                          0.62 kB
.e2e/interactive-site/assets/bell-CF08sB7I.js                                    0.62 kB
.e2e/interactive-site/assets/list-start-BCYfbVv5.js                              0.62 kB
.e2e/interactive-site/assets/monitor-stop-DvuuTUy_.js                            0.62 kB
.e2e/interactive-site/assets/egg-off-DswQZCgR.js                                 0.63 kB
.e2e/interactive-site/assets/heading-6-CYQbP5rV.js                               0.63 kB
.e2e/interactive-site/assets/indian-rupee-h-oHx_Qb.js                            0.63 kB
.e2e/interactive-site/assets/radius-kzAOF9jo.js                                  0.63 kB
.e2e/interactive-site/assets/case-sensitive-C8ChtMAY.js                          0.63 kB
.e2e/interactive-site/assets/cloud-rain-wind-Bwu7r45V.js                         0.63 kB
.e2e/interactive-site/assets/folder-open-DbNDoFII.js                             0.63 kB
.e2e/interactive-site/assets/lasso-ByGiP4Hh.js                                   0.63 kB
.e2e/interactive-site/assets/receipt-j6iLKu_y.js                                 0.63 kB
.e2e/interactive-site/assets/shopping-cart-DXbxv5kr.js                           0.63 kB
.e2e/interactive-site/assets/variable-08mEUuSk.js                                0.63 kB
.e2e/interactive-site/assets/venus-and-mars-DB_A__SU.js                          0.63 kB
.e2e/interactive-site/assets/folder-symlink-ChwTecDb.js                          0.63 kB
.e2e/interactive-site/assets/headset-IimJ-6Fk.js                                 0.63 kB
.e2e/interactive-site/assets/maximize-CLRxS-2d.js                                0.63 kB
.e2e/interactive-site/assets/minimize-B-y3PkdA.js                                0.63 kB
.e2e/interactive-site/assets/pilcrow-left-D2QxIltq.js                            0.63 kB
.e2e/interactive-site/assets/smile-DJnmaiVs.js                                   0.63 kB
.e2e/interactive-site/assets/turntable-k5167JNN.js                               0.63 kB
.e2e/interactive-site/assets/link-2-off-DM8PYxoP.js                              0.63 kB
.e2e/interactive-site/assets/linkedin-C3-JwFhZ.js                                0.63 kB
.e2e/interactive-site/assets/meh-DpYO1huM.js                                     0.63 kB
.e2e/interactive-site/assets/moon-star-_VS47UTA.js                               0.63 kB
.e2e/interactive-site/assets/pilcrow-right-DlRMkQS9.js                           0.63 kB
.e2e/interactive-site/assets/receipt-turkish-lira--SlscI_y.js                    0.63 kB
.e2e/interactive-site/assets/spade-CTzalmlH.js                                   0.63 kB
.e2e/interactive-site/assets/book-user-C-pC-qry.js                               0.63 kB
.e2e/interactive-site/assets/frown-BRNO8QJZ.js                                   0.63 kB
.e2e/interactive-site/assets/grid-3x3-pN2e3a3u.js                                0.63 kB
.e2e/interactive-site/assets/map-pin-plus-inside-CuP5cX6I.js                     0.63 kB
.e2e/interactive-site/assets/frame-BssJdbvz.js                                   0.63 kB
.e2e/interactive-site/assets/hash-CQTVUhij.js                                    0.63 kB
.e2e/interactive-site/assets/instagram-Dx9RGicB.js                               0.63 kB
.e2e/interactive-site/assets/list-tree--nD5Q7P4.js                               0.63 kB
.e2e/interactive-site/assets/ticket-x-Bmf_Jw09.js                                0.63 kB
.e2e/interactive-site/assets/bed-double-CxLtndEC.js                              0.63 kB
.e2e/interactive-site/assets/egg-fried-DRZvIVRB.js                               0.63 kB
.e2e/interactive-site/assets/flask-conical-53LzrUYm.js                           0.63 kB
.e2e/interactive-site/assets/message-square-share-DHhNsg10.js                    0.63 kB
.e2e/interactive-site/assets/monitor-cloud-C7o_0jUH.js                           0.63 kB
.e2e/interactive-site/assets/archive-x-Z732VuoQ.js                               0.63 kB
.e2e/interactive-site/assets/calendar-1-CoOdtNiI.js                              0.63 kB
.e2e/interactive-site/assets/clipboard-minus-DoafzbhD.js                         0.63 kB
.e2e/interactive-site/assets/copy-minus-Dewo6jOZ.js                              0.63 kB
.e2e/interactive-site/assets/copy-slash-BI_CfBjs.js                              0.63 kB
.e2e/interactive-site/assets/coffee-B28Sdgzd.js                                  0.63 kB
.e2e/interactive-site/assets/feather-CsGbLVz2.js                                 0.63 kB
.e2e/interactive-site/assets/lamp-ceiling-BLnAqntL.js                            0.63 kB
.e2e/interactive-site/assets/laptop-BZ207xUH.js                                  0.63 kB
.e2e/interactive-site/assets/panel-top-dashed-CkxAMR5V.js                        0.63 kB
.e2e/interactive-site/assets/star-off-m_cw8wtq.js                                0.63 kB
.e2e/interactive-site/assets/ampersands-d5tMry8R.js                              0.63 kB
.e2e/interactive-site/assets/bone-BVG6bLGL.js                                    0.63 kB
.e2e/interactive-site/assets/flame-kindling-CCUfVoMN.js                          0.63 kB
.e2e/interactive-site/assets/list-todo-Ddox61-i.js                               0.63 kB
.e2e/interactive-site/assets/monitor-dot-Csjqk3b6.js                             0.63 kB
.e2e/interactive-site/assets/panel-left-dashed-CiMZryCa.js                       0.63 kB
.e2e/interactive-site/assets/battery-full-C00mWF2S.js                            0.64 kB
.e2e/interactive-site/assets/bean-DZnBBhd1.js                                    0.64 kB
.e2e/interactive-site/assets/case-upper-Dke95QPX.js                              0.64 kB
.e2e/interactive-site/assets/monitor-pause-B1RNIWwL.js                           0.64 kB
.e2e/interactive-site/assets/video-off-1c1NJd8A.js                               0.64 kB
.e2e/interactive-site/assets/calendar-minus-2-D_G0e5lI.js                        0.64 kB
.e2e/interactive-site/assets/chevrons-left-right-ellipsis-CE522Ceh.js            0.64 kB
.e2e/interactive-site/assets/circle-divide-BlTBra7K.js                           0.64 kB
.e2e/interactive-site/assets/subscript-BjBU9mij.js                               0.64 kB
.e2e/interactive-site/assets/thumbs-up-C2AgxGUD.js                               0.64 kB
.e2e/interactive-site/assets/zoom-in-BGVyAUkT.js                                 0.64 kB
.e2e/interactive-site/assets/bubbles-C8PhmKnH.js                                 0.64 kB
.e2e/interactive-site/assets/cloud-off-DhC4Bugm.js                               0.64 kB
.e2e/interactive-site/assets/cross-DJTt8WKt.js                                   0.64 kB
.e2e/interactive-site/assets/delete-F-2IFaqM.js                                  0.64 kB
.e2e/interactive-site/assets/map-pin-x-inside-C0YSdjHt.js                        0.64 kB
.e2e/interactive-site/assets/milestone-Dw66heLc.js                               0.64 kB
.e2e/interactive-site/assets/monitor-up-DKNGDJ6h.js                              0.64 kB
.e2e/interactive-site/assets/thumbs-down-pFPVLbrU.js                             0.64 kB
.e2e/interactive-site/assets/wrench--dJoZd9Q.js                                  0.64 kB
.e2e/interactive-site/assets/clipboard-check-yS97WOnO.js                         0.64 kB
.e2e/interactive-site/assets/forklift-CQvoqqYG.js                                0.64 kB
.e2e/interactive-site/assets/mails-CXo3bjTN.js                                   0.64 kB
.e2e/interactive-site/assets/paint-roller-CLF5ei_k.js                            0.64 kB
.e2e/interactive-site/assets/shrink-UUpTPCHl.js                                  0.64 kB
.e2e/interactive-site/assets/arrow-up-a-z-C9oiLIOz.js                            0.64 kB
.e2e/interactive-site/assets/audio-lines-Tr6QDWYJ.js                             0.64 kB
.e2e/interactive-site/assets/calendar-check-7Eb1EBCU.js                          0.64 kB
.e2e/interactive-site/assets/gallery-thumbnails-B3BPSTME.js                      0.64 kB
.e2e/interactive-site/assets/message-square-plus-BSyiRZoR.js                     0.64 kB
.e2e/interactive-site/assets/mouse-off-Cb7EyATh.js                               0.64 kB
.e2e/interactive-site/assets/panel-right-dashed-BURzgTir.js                      0.64 kB
.e2e/interactive-site/assets/table-cells-merge-DvKHKQGM.js                       0.64 kB
.e2e/interactive-site/assets/arrow-up-z-a-HoeLp71s.js                            0.64 kB
.e2e/interactive-site/assets/dice-4-CS8Bs5b9.js                                  0.64 kB
.e2e/interactive-site/assets/folder-plus-Bk94eaO9.js                             0.64 kB
.e2e/interactive-site/assets/joystick-BCUJW9lx.js                                0.64 kB
.e2e/interactive-site/assets/monitor-down-Cfq3UK9n.js                            0.64 kB
.e2e/interactive-site/assets/mouse-pointer-DvHFoslU.js                           0.64 kB
.e2e/interactive-site/assets/panel-bottom-dashed-CBfkVkqI.js                     0.64 kB
.e2e/interactive-site/assets/plane-BL-BG-wX.js                                   0.64 kB
.e2e/interactive-site/assets/receipt-swiss-franc-Cb57WXpM.js                     0.64 kB
.e2e/interactive-site/assets/user-x-D562HZnD.js                                  0.64 kB
.e2e/interactive-site/assets/users-B8riF_fE.js                                   0.64 kB
.e2e/interactive-site/assets/align-vertical-space-between-Dkh_coLM.js            0.64 kB
.e2e/interactive-site/assets/arrow-up-0-1-HqNd2E0O.js                            0.64 kB
.e2e/interactive-site/assets/arrow-up-1-0-xOh9MZlz.js                            0.64 kB
.e2e/interactive-site/assets/book-audio-DBibIws9.js                              0.64 kB
.e2e/interactive-site/assets/git-pull-request-create-DKlZlFCn.js                 0.64 kB
.e2e/interactive-site/assets/arrow-down-a-z-CebxyDWY.js                          0.64 kB
.e2e/interactive-site/assets/chef-hat-B6dFogSp.js                                0.64 kB
.e2e/interactive-site/assets/laugh-BQcWrFCt.js                                   0.64 kB
.e2e/interactive-site/assets/monitor-x-BF6mElSy.js                               0.64 kB
.e2e/interactive-site/assets/align-horizontal-space-between-OFbs2qbS.js          0.64 kB
.e2e/interactive-site/assets/align-vertical-distribute-end-pz1eLviK.js           0.64 kB
.e2e/interactive-site/assets/arrow-down-z-a-DEesHvCw.js                          0.64 kB
.e2e/interactive-site/assets/brush-Cefm-J__.js                                   0.64 kB
.e2e/interactive-site/assets/folder-clock-CA81YA-5.js                            0.64 kB
.e2e/interactive-site/assets/ice-cream-bowl-fAZ_kWln.js                          0.64 kB
.e2e/interactive-site/assets/inspection-panel-DGm7cWBD.js                        0.64 kB
.e2e/interactive-site/assets/sprout-BszrFrr_.js                                  0.64 kB
.e2e/interactive-site/assets/text-initial-DeX1rtnD.js                            0.64 kB
.e2e/interactive-site/assets/tree-pine-CRoXL5TS.js                               0.64 kB
.e2e/interactive-site/assets/align-vertical-distribute-start-BHyTlhUc.js         0.64 kB
.e2e/interactive-site/assets/arrow-down-0-1-B86KBALZ.js                          0.64 kB
.e2e/interactive-site/assets/arrow-down-1-0-CXFQbzKU.js                          0.64 kB
.e2e/interactive-site/assets/box-Bg4JK5r9.js                                     0.64 kB
.e2e/interactive-site/assets/chart-area-CVb_8VtC.js                              0.64 kB
.e2e/interactive-site/assets/concierge-bell-BMMr4Slj.js                          0.64 kB
.e2e/interactive-site/assets/folder-up-Dkj0douq.js                               0.64 kB
.e2e/interactive-site/assets/folder-x-D6gEV26T.js                                0.64 kB
.e2e/interactive-site/assets/mail-x-BOAVFhCB.js                                  0.64 kB
.e2e/interactive-site/assets/regex-NlU6HHOr.js                                   0.64 kB
.e2e/interactive-site/assets/user-plus-DkLwVGVq.js                               0.64 kB
.e2e/interactive-site/assets/align-horizontal-distribute-end-DW6PQK40.js         0.65 kB
.e2e/interactive-site/assets/cloud-backup-cLvh78bS.js                            0.65 kB
.e2e/interactive-site/assets/file-exclamation-point-CGaiU3se.js                  0.65 kB
.e2e/interactive-site/assets/file-minus-corner-BHkzgCRl.js                       0.65 kB
.e2e/interactive-site/assets/gavel-CyoVcSc5.js                                   0.65 kB
.e2e/interactive-site/assets/message-square-off-DPtgO4gr.js                      0.65 kB
.e2e/interactive-site/assets/message-square-warning-D1MRgr5G.js                  0.65 kB
.e2e/interactive-site/assets/scissors-DldP0c90.js                                0.65 kB
.e2e/interactive-site/assets/align-horizontal-distribute-start-BQbSF4eE.js       0.65 kB
.e2e/interactive-site/assets/banana-FzKVAMzj.js                                  0.65 kB
.e2e/interactive-site/assets/book-type-i4u8J1kO.js                               0.65 kB
.e2e/interactive-site/assets/file-minus-CKH_32Hc.js                              0.65 kB
.e2e/interactive-site/assets/hard-drive-upload-B9DWTz0k.js                       0.65 kB
.e2e/interactive-site/assets/cast-IEm9xAUT.js                                    0.65 kB
.e2e/interactive-site/assets/folder-down-CyoLb_F9.js                             0.65 kB
.e2e/interactive-site/assets/hard-drive-download-BU5qwzl1.js                     0.65 kB
.e2e/interactive-site/assets/heart-minus-Cl0FoWWX.js                             0.65 kB
.e2e/interactive-site/assets/message-square-x-B1Ee3_1J.js                        0.65 kB
.e2e/interactive-site/assets/pencil-line-E0Gdxmfd.js                             0.65 kB
.e2e/interactive-site/assets/repeat-1-C00eEV5y.js                                0.65 kB
.e2e/interactive-site/assets/user-lock-CloJRJXa.js                               0.65 kB
.e2e/interactive-site/assets/antenna-Cgb-95GU.js                                 0.65 kB
.e2e/interactive-site/assets/apple-D0jRh1jE.js                                   0.65 kB
.e2e/interactive-site/assets/flag-off-Cgf7vc8i.js                                0.65 kB
.e2e/interactive-site/assets/folder-input-C-JuZ686.js                            0.65 kB
.e2e/interactive-site/assets/mail-plus-CE_ZXI1G.js                               0.65 kB
.e2e/interactive-site/assets/saudi-riyal-5A9URskz.js                             0.65 kB
.e2e/interactive-site/assets/shield-half-B2ot2TPh.js                             0.65 kB
.e2e/interactive-site/assets/shield-minus-CenozPlu.js                            0.65 kB
.e2e/interactive-site/assets/star-half-BtT6X14j.js                               0.65 kB
.e2e/interactive-site/assets/book-image-D_8YXkHW.js                              0.65 kB
.e2e/interactive-site/assets/bring-to-front-DakKbGNV.js                          0.65 kB
.e2e/interactive-site/assets/diamond-plus-CEpcenWw.js                            0.65 kB
.e2e/interactive-site/assets/file-check-corner-Dp_VqUvl.js                       0.65 kB
.e2e/interactive-site/assets/folder-search-D4ozZSgP.js                           0.65 kB
.e2e/interactive-site/assets/square-pen-BD37fNlC.js                              0.65 kB
.e2e/interactive-site/assets/badge-check-3gRqMWGE.js                             0.65 kB
.e2e/interactive-site/assets/cup-soda-C7ZqaQjt.js                                0.65 kB
.e2e/interactive-site/assets/folder-output-DiAIcl0l.js                           0.65 kB
.e2e/interactive-site/assets/folders-B7ZcnedP.js                                 0.65 kB
.e2e/interactive-site/assets/languages-BiESYl1v.js                               0.65 kB
.e2e/interactive-site/assets/calendar-minus--cCA8Pr3.js                          0.65 kB
.e2e/interactive-site/assets/chromium-Ci34u51R.js                                0.65 kB
.e2e/interactive-site/assets/git-pull-request-draft-B-r1Y6o8.js                  0.65 kB
.e2e/interactive-site/assets/shapes-BUE5F6zq.js                                  0.65 kB
.e2e/interactive-site/assets/signature-D2-Y_9C1.js                               0.65 kB
.e2e/interactive-site/assets/toilet-DrKkK-_R.js                                  0.65 kB
.e2e/interactive-site/assets/videotape-CLwDtHEz.js                               0.65 kB
.e2e/interactive-site/assets/a-large-small-ByQMEOYt.js                           0.65 kB
.e2e/interactive-site/assets/arrow-big-down-dash-8UzNbf1t.js                     0.65 kB
.e2e/interactive-site/assets/arrow-big-up-dash-CuLm91Mp.js                       0.65 kB
.e2e/interactive-site/assets/file-check-DbHq8Xhl.js                              0.65 kB
.e2e/interactive-site/assets/message-circle-plus-4M19H05z.js                     0.65 kB
.e2e/interactive-site/assets/message-circle-x-BpT8NrLo.js                        0.65 kB
.e2e/interactive-site/assets/monitor-off-DfhO7rt6.js                             0.65 kB
.e2e/interactive-site/assets/table-of-contents-BhswHrvc.js                       0.65 kB
.e2e/interactive-site/assets/book-search-C-PK6De8.js                             0.65 kB
.e2e/interactive-site/assets/hard-hat-5jmFS1u0.js                                0.65 kB
.e2e/interactive-site/assets/list-video-zLK7Crq9.js                              0.65 kB
.e2e/interactive-site/assets/mail-warning-BTUx53b_.js                            0.65 kB
.e2e/interactive-site/assets/message-circle-warning-DZD7bvhn.js                  0.65 kB
.e2e/interactive-site/assets/printer-7KVdjCZB.js                                 0.65 kB
.e2e/interactive-site/assets/fuel-DPwcFGcP.js                                    0.65 kB
.e2e/interactive-site/assets/move-BVddQ9uH.js                                    0.65 kB
.e2e/interactive-site/assets/shield-check-BPcavqD2.js                            0.65 kB
.e2e/interactive-site/assets/squares-exclude-CMrlguoM.js                         0.65 kB
.e2e/interactive-site/assets/arrow-big-left-dash-KFgX-r9_.js                     0.66 kB
.e2e/interactive-site/assets/arrow-big-right-dash-BCUZklsd.js                    0.66 kB
.e2e/interactive-site/assets/book-copy-D3LkL30H.js                               0.66 kB
.e2e/interactive-site/assets/cloud-moon-C49CuYQF.js                              0.66 kB
.e2e/interactive-site/assets/git-pull-request-arrow-DhY73TCc.js                  0.66 kB
.e2e/interactive-site/assets/refresh-ccw-zXGs4MIF.js                             0.66 kB
.e2e/interactive-site/assets/refresh-cw-WrIKBGSk.js                              0.66 kB
.e2e/interactive-site/assets/sailboat-DSfaeHvY.js                                0.66 kB
.e2e/interactive-site/assets/send-to-back-DH7ew5K2.js                            0.66 kB
.e2e/interactive-site/assets/square-stack-DWjXX2sp.js                            0.66 kB
.e2e/interactive-site/assets/stamp-LkgxinmT.js                                   0.66 kB
.e2e/interactive-site/assets/superscript-BynzjOE_.js                             0.66 kB
.e2e/interactive-site/assets/ticket-C6FOd2_X.js                                  0.66 kB
.e2e/interactive-site/assets/battery-charging--4c-2eCv.js                        0.66 kB
.e2e/interactive-site/assets/fan-CV41_nNL.js                                     0.66 kB
.e2e/interactive-site/assets/folder-root-DQ7hX46s.js                             0.66 kB
.e2e/interactive-site/assets/hand-helping-OTXFZGtb.js                            0.66 kB
.e2e/interactive-site/assets/microwave-CFDu2K6m.js                               0.66 kB
.e2e/interactive-site/assets/phone-DHtaoALx.js                                   0.66 kB
.e2e/interactive-site/assets/save-DLG0WRka.js                                    0.66 kB
.e2e/interactive-site/assets/spell-check-2-BGdXE93i.js                           0.66 kB
.e2e/interactive-site/assets/calendar-check-2-Bxo7RoaL.js                        0.66 kB
.e2e/interactive-site/assets/eye-closed-Dy946lPZ.js                              0.66 kB
.e2e/interactive-site/assets/funnel-plus-Cz5OzoKD.js                             0.66 kB
.e2e/interactive-site/assets/id-card-ZAlZS9dF.js                                 0.66 kB
.e2e/interactive-site/assets/message-square-code-CxMqHDWr.js                     0.66 kB
.e2e/interactive-site/assets/nfc-ChZOyRzt.js                                     0.66 kB
.e2e/interactive-site/assets/screen-share-D1Q1iZKo.js                            0.66 kB
.e2e/interactive-site/assets/whole-word-DXOGbYfa.js                              0.66 kB
.e2e/interactive-site/assets/receipt-indian-rupee-DDtwCoLK.js                    0.66 kB
.e2e/interactive-site/assets/rocking-chair-BeYQDREi.js                           0.66 kB
.e2e/interactive-site/assets/shield-ban-CBb-32sR.js                              0.66 kB
.e2e/interactive-site/assets/tv-minimal-play-D8jq4C1d.js                         0.66 kB
.e2e/interactive-site/assets/briefcase-business-D5rPri9R.js                      0.66 kB
.e2e/interactive-site/assets/flip-horizontal-2-dBdgGskH.js                       0.66 kB
.e2e/interactive-site/assets/contact-round-DM7w5xzp.js                           0.66 kB
.e2e/interactive-site/assets/heading-5-ZoNlhHN3.js                               0.66 kB
.e2e/interactive-site/assets/library-big-DxEHCnVu.js                             0.66 kB
.e2e/interactive-site/assets/monitor-smartphone-CG8708Ma.js                      0.66 kB
.e2e/interactive-site/assets/receipt-pound-sterling-CkKRI3HV.js                  0.66 kB
.e2e/interactive-site/assets/scan-line-C5CwplbO.js                               0.66 kB
.e2e/interactive-site/assets/square-divide-DNDgtWR0.js                           0.66 kB
.e2e/interactive-site/assets/tag-CADfTJKR.js                                     0.66 kB
.e2e/interactive-site/assets/book-heart-BdDXEBOt.js                              0.66 kB
.e2e/interactive-site/assets/graduation-cap-D8Z7pbXl.js                          0.66 kB
.e2e/interactive-site/assets/scale-BjBG6UGL.js                                   0.66 kB
.e2e/interactive-site/assets/screen-share-off-DlfKFQai.js                        0.66 kB
.e2e/interactive-site/assets/bell-minus-S6DiE9nm.js                              0.66 kB
.e2e/interactive-site/assets/bot-D_0C7e02.js                                     0.66 kB
.e2e/interactive-site/assets/file-chart-line--6ix3fri.js                         0.66 kB
.e2e/interactive-site/assets/layers-2-BWnCClvU.js                                0.66 kB
.e2e/interactive-site/assets/trash-2-Wou-erJ7.js                                 0.66 kB
.e2e/interactive-site/assets/volume-1-WTqN6xiH.js                                0.66 kB
.e2e/interactive-site/assets/wallet-cards-CpyxEkdb.js                            0.66 kB
.e2e/interactive-site/assets/youtube-CGOZUZHd.js                                 0.66 kB
.e2e/interactive-site/assets/badge-minus-W2lCRLon.js                             0.66 kB
.e2e/interactive-site/assets/map-pin-minus-B3prFcZm.js                           0.66 kB
.e2e/interactive-site/assets/notebook-BkU0ZaP7.js                                0.66 kB
.e2e/interactive-site/assets/tickets-kR5ocSSx.js                                 0.66 kB
.e2e/interactive-site/assets/flip-vertical-2-V7cvG0b_.js                         0.66 kB
.e2e/interactive-site/assets/folder-code-CTvwoade.js                             0.66 kB
.e2e/interactive-site/assets/funnel-x-ByziTJcJ.js                                0.66 kB
.e2e/interactive-site/assets/git-fork-DfLQ67uy.js                                0.66 kB
.e2e/interactive-site/assets/message-square-reply-DBsNwir8.js                    0.66 kB
.e2e/interactive-site/assets/bath-BvGiBTgg.js                                    0.67 kB
.e2e/interactive-site/assets/camera-lee5DtCe.js                                  0.67 kB
.e2e/interactive-site/assets/folder-search-2-cObsmWd0.js                         0.67 kB
.e2e/interactive-site/assets/message-circle-code-DNEUOSNU.js                     0.67 kB
.e2e/interactive-site/assets/bell-dot-BzrGhzjs.js                                0.67 kB
.e2e/interactive-site/assets/creative-commons-CBGqyJLb.js                        0.67 kB
.e2e/interactive-site/assets/file-diff-B-3Hq2as.js                               0.67 kB
.e2e/interactive-site/assets/image-down-BYpl9USA.js                              0.67 kB
.e2e/interactive-site/assets/image-up-CNejMnhg.js                                0.67 kB
.e2e/interactive-site/assets/scooter-B0o_32wW.js                                 0.67 kB
.e2e/interactive-site/assets/flashlight-6vcsPGa3.js                              0.67 kB
.e2e/interactive-site/assets/heart-pulse-Y4PG13SM.js                             0.67 kB
.e2e/interactive-site/assets/package-2-CEAhEzEo.js                               0.67 kB
.e2e/interactive-site/assets/ticket-percent-CqkmaF7C.js                          0.67 kB
.e2e/interactive-site/assets/type-outline-CvsWH7qg.js                            0.67 kB
.e2e/interactive-site/assets/database-zap-_hHD62TR.js                            0.67 kB
.e2e/interactive-site/assets/dribbble-B8pPgUf6.js                                0.67 kB
.e2e/interactive-site/assets/gem-BESuUGw_.js                                     0.67 kB
.e2e/interactive-site/assets/heading-3-DX1-plQE.js                               0.67 kB
.e2e/interactive-site/assets/pin-off-BnkgT87P.js                                 0.67 kB
.e2e/interactive-site/assets/square-mouse-pointer-D8H-YorE.js                    0.67 kB
.e2e/interactive-site/assets/book-open-check-C9o1yHEf.js                         0.67 kB
.e2e/interactive-site/assets/clipboard-plus-BYtdC-SO.js                          0.67 kB
.e2e/interactive-site/assets/clipboard-x-Bd1WB_RP.js                             0.67 kB
.e2e/interactive-site/assets/contact-DYYkvEsv.js                                 0.67 kB
.e2e/interactive-site/assets/file-question-mark-BOcy1m5n.js                      0.67 kB
.e2e/interactive-site/assets/folder-lock-oXNfzu-X.js                             0.67 kB
.e2e/interactive-site/assets/rotate-ccw-key-Cu0MuTAL.js                          0.67 kB
.e2e/interactive-site/assets/shopping-bag-vo3s3AS_.js                            0.67 kB
.e2e/interactive-site/assets/spool-CqEg7yKW.js                                   0.67 kB
.e2e/interactive-site/assets/wallpaper-CxCU4Epp.js                               0.67 kB
.e2e/interactive-site/assets/air-vent-DkMfJG8A.js                                0.67 kB
.e2e/interactive-site/assets/book-lock-BTsoTo57.js                               0.67 kB
.e2e/interactive-site/assets/bottle-wine-DfcSb50Z.js                             0.67 kB
.e2e/interactive-site/assets/cooking-pot-AiAhPPNs.js                             0.67 kB
.e2e/interactive-site/assets/file-symlink-BvV4ZKRZ.js                            0.67 kB
.e2e/interactive-site/assets/calendar-x-JKfS9TUO.js                              0.67 kB
.e2e/interactive-site/assets/list-restart-Cdiuayd6.js                            0.67 kB
.e2e/interactive-site/assets/calendar-plus-2-D04g1yTF.js                         0.67 kB
.e2e/interactive-site/assets/drafting-compass-BhWzh2cq.js                        0.67 kB
.e2e/interactive-site/assets/focus-CK5KdWnG.js                                   0.67 kB
.e2e/interactive-site/assets/lectern-CBWqtyYH.js                                 0.67 kB
.e2e/interactive-site/assets/server-ma0S4Bsw.js                                  0.67 kB
.e2e/interactive-site/assets/bitcoin-aqZcS_nc.js                                 0.67 kB
.e2e/interactive-site/assets/loader-pinwheel-BYCq1hGb.js                         0.67 kB
.e2e/interactive-site/assets/newspaper-WfGKSrIG.js                               0.67 kB
.e2e/interactive-site/assets/alarm-clock--bM-67Vd.js                             0.67 kB
.e2e/interactive-site/assets/angry-BIyOSrHI.js                                   0.67 kB
.e2e/interactive-site/assets/archive-restore-Bh4sGQJG.js                         0.67 kB
.e2e/interactive-site/assets/battery-warning-YpjuQNGy.js                         0.67 kB
.e2e/interactive-site/assets/house-heart-_8BoxEak.js                             0.67 kB
.e2e/interactive-site/assets/message-square-quote-BtBOs6Yx.js                    0.67 kB
.e2e/interactive-site/assets/picture-in-picture-QI8o3pzQ.js                      0.67 kB
.e2e/interactive-site/assets/weight-tilde-CFp4zdzZ.js                            0.67 kB
.e2e/interactive-site/assets/ethernet-port-DmnRuj1X.js                           0.68 kB
.e2e/interactive-site/assets/image-minus-liMRfMaI.js                             0.68 kB
.e2e/interactive-site/assets/lamp-BLhBqPqv.js                                    0.68 kB
.e2e/interactive-site/assets/megaphone-iMlmtiW3.js                               0.68 kB
.e2e/interactive-site/assets/message-square-lock-Baa6xAAn.js                     0.68 kB
.e2e/interactive-site/assets/message-square-text-Dcwy2yIc.js                     0.68 kB
.e2e/interactive-site/assets/pin-nIoCGOSq.js                                     0.68 kB
.e2e/interactive-site/assets/timer-off-BqTpLJao.js                               0.68 kB
.e2e/interactive-site/assets/user-pen-BY8O4vcP.js                                0.68 kB
.e2e/interactive-site/assets/alarm-clock-minus-hGTchxJf.js                       0.68 kB
.e2e/interactive-site/assets/citrus-Dh8ZSmUF.js                                  0.68 kB
.e2e/interactive-site/assets/message-circle-reply-DV1rTq24.js                    0.68 kB
.e2e/interactive-site/assets/message-square-diff-_wY-3xVB.js                     0.68 kB
.e2e/interactive-site/assets/mouse-pointer-ban-D9tNbfKf.js                       0.68 kB
.e2e/interactive-site/assets/signpost-DNzM7s5l.js                                0.68 kB
.e2e/interactive-site/assets/stethoscope-61VEneOT.js                             0.68 kB
.e2e/interactive-site/assets/accessibility-CwlzEL6N.js                           0.68 kB
.e2e/interactive-site/assets/globe-lock-DUjBDOY1.js                              0.68 kB
.e2e/interactive-site/assets/utility-pole-Ck84ntm4.js                            0.68 kB
.e2e/interactive-site/assets/venetian-mask-DGpm4Fsg.js                           0.68 kB
.e2e/interactive-site/assets/file-x-corner-DvezBNSY.js                           0.68 kB
.e2e/interactive-site/assets/folder-kanban-ZEQ1JRkU.js                           0.68 kB
.e2e/interactive-site/assets/git-pull-request-closed-B9GtIj-H.js                 0.68 kB
.e2e/interactive-site/assets/chess-pawn-smQmZ9wW.js                              0.68 kB
.e2e/interactive-site/assets/dice-5-DL5F9cRK.js                                  0.68 kB
.e2e/interactive-site/assets/heart-plus-DswkfjGY.js                              0.68 kB
.e2e/interactive-site/assets/octagon-Dr8IaHsa.js                                 0.68 kB
.e2e/interactive-site/assets/pen-off-Bk9_fm-O.js                                 0.68 kB
.e2e/interactive-site/assets/clapperboard-CUxy4mHx.js                            0.68 kB
.e2e/interactive-site/assets/folder-open-dot-DxVjUtVg.js                         0.68 kB
.e2e/interactive-site/assets/layout-grid-CiqLXBSm.js                             0.68 kB
.e2e/interactive-site/assets/map-pin-check-CYep8bD6.js                           0.68 kB
.e2e/interactive-site/assets/smartphone-nfc-sGzUUEVR.js                          0.68 kB
.e2e/interactive-site/assets/stone-EFmGg318.js                                   0.68 kB
.e2e/interactive-site/assets/currency-CCtcaMXN.js                                0.68 kB
.e2e/interactive-site/assets/decimals-arrow-right-CH8mRHoc.js                    0.68 kB
.e2e/interactive-site/assets/droplet-off-DXNo1zBh.js                             0.68 kB
.e2e/interactive-site/assets/folder-key-CXhCLepo.js                              0.68 kB
.e2e/interactive-site/assets/paw-print-gnMt4TuW.js                               0.68 kB
.e2e/interactive-site/assets/receipt-japanese-yen-By5Uvikd.js                    0.68 kB
.e2e/interactive-site/assets/skull-Do4Qzivk.js                                   0.68 kB
.e2e/interactive-site/assets/alarm-clock-check-CnCKrmF5.js                       0.68 kB
.e2e/interactive-site/assets/blinds-MkuGTqcM.js                                  0.68 kB
.e2e/interactive-site/assets/chart-bar-stacked-BC1Fvrdn.js                       0.68 kB
.e2e/interactive-site/assets/file-up-BiaWOGI8.js                                 0.68 kB
.e2e/interactive-site/assets/git-graph-Cx3T4XWi.js                               0.68 kB
.e2e/interactive-site/assets/land-plot-DsFjqWe2.js                               0.68 kB
.e2e/interactive-site/assets/monitor-speaker-Bwnt6Amh.js                         0.68 kB
.e2e/interactive-site/assets/washing-machine-Bptw2hZn.js                         0.68 kB
.e2e/interactive-site/assets/file-axis-3d-DFnzxDFD.js                            0.68 kB
.e2e/interactive-site/assets/file-plus-corner-7bLypi36.js                        0.68 kB
.e2e/interactive-site/assets/file-plus-BB5y3VU3.js                               0.68 kB
.e2e/interactive-site/assets/gpu-ByLJTz8i.js                                     0.68 kB
.e2e/interactive-site/assets/locate-BMs4QEf0.js                                  0.68 kB
.e2e/interactive-site/assets/podcast-BBjNy1SB.js                                 0.68 kB
.e2e/interactive-site/assets/scroll-text-CQ90myo_.js                             0.68 kB
.e2e/interactive-site/assets/shield-plus-BfGwVjnO.js                             0.68 kB
.e2e/interactive-site/assets/user-round-pen-BR6nNX5U.js                          0.68 kB
.e2e/interactive-site/assets/copy-x-CuThPlJO.js                                  0.68 kB
.e2e/interactive-site/assets/files-D8WfRTPo.js                                   0.68 kB
.e2e/interactive-site/assets/battery-plus-Cg7F62Db.js                            0.69 kB
.e2e/interactive-site/assets/chart-column-stacked-18YJUgyH.js                    0.69 kB
.e2e/interactive-site/assets/layout-dashboard-Bw2MRbph.js                        0.69 kB
.e2e/interactive-site/assets/book-key-diVT7sCG.js                                0.69 kB
.e2e/interactive-site/assets/book-up-2-C5_gLnM5.js                               0.69 kB
.e2e/interactive-site/assets/file-x-jRyqM9To.js                                  0.69 kB
.e2e/interactive-site/assets/folder-heart-D9kAxNqe.js                            0.69 kB
.e2e/interactive-site/assets/webhook-BGF4i58q.js                                 0.69 kB
.e2e/interactive-site/assets/book-headphones-DFlGLdZz.js                         0.69 kB
.e2e/interactive-site/assets/circuit-board-D9CAjCMb.js                           0.69 kB
.e2e/interactive-site/assets/copy-plus-gm8_4B8V.js                               0.69 kB
.e2e/interactive-site/assets/crosshair-Dn8f8jSK.js                               0.69 kB
.e2e/interactive-site/assets/file-terminal-D-nBaadN.js                           0.69 kB
.e2e/interactive-site/assets/folder-git-CldD5HSP.js                              0.69 kB
.e2e/interactive-site/assets/plug-zap-DYeCaipJ.js                                0.69 kB
.e2e/interactive-site/assets/shield-alert-B2UrrMyN.js                            0.69 kB
.e2e/interactive-site/assets/train-track-hW6TPg4w.js                             0.69 kB
.e2e/interactive-site/assets/bell-plus-BGCrJ28R.js                               0.69 kB
.e2e/interactive-site/assets/calendar-x-2-5O-PysNo.js                            0.69 kB
.e2e/interactive-site/assets/diameter-WE2BtB8P.js                                0.69 kB
.e2e/interactive-site/assets/message-square-more-CpoXo3ew.js                     0.69 kB
.e2e/interactive-site/assets/switch-camera-CZimxTNR.js                           0.69 kB
.e2e/interactive-site/assets/file-down-CzoXtnSe.js                               0.69 kB
.e2e/interactive-site/assets/git-pull-request-create-arrow-Dp0u-TNt.js           0.69 kB
.e2e/interactive-site/assets/house-plus-BKl00S6y.js                              0.69 kB
.e2e/interactive-site/assets/key-round-DhkwqgWB.js                               0.69 kB
.e2e/interactive-site/assets/lamp-wall-down-CLHJPO5M.js                          0.69 kB
.e2e/interactive-site/assets/lamp-wall-up-CO8U-RXc.js                            0.69 kB
.e2e/interactive-site/assets/orbit-CGbXXpFk.js                                   0.69 kB
.e2e/interactive-site/assets/cigarette-D2NjI5Ld.js                               0.69 kB
.e2e/interactive-site/assets/gift-CSfOxp05.js                                    0.69 kB
.e2e/interactive-site/assets/crown-CuFBCqwR.js                                   0.69 kB
.e2e/interactive-site/assets/dessert-CSMBLjYL.js                                 0.69 kB
.e2e/interactive-site/assets/door-closed-locked-0QpUSG26.js                      0.69 kB
.e2e/interactive-site/assets/glasses-COLx1r3C.js                                 0.69 kB
.e2e/interactive-site/assets/lightbulb-off-Bvb5Ja3c.js                           0.69 kB
.e2e/interactive-site/assets/list-ordered-DaB57vye.js                            0.69 kB
.e2e/interactive-site/assets/monitor-play-C2K9ewL7.js                            0.69 kB
.e2e/interactive-site/assets/shield-x-S-jLvA6K.js                                0.69 kB
.e2e/interactive-site/assets/turtle-CfDYK4Vf.js                                  0.69 kB
.e2e/interactive-site/assets/house-wifi-ChyQw8Pk.js                              0.69 kB
.e2e/interactive-site/assets/image-plus-BoI2-Cb3.js                              0.69 kB
.e2e/interactive-site/assets/armchair-Bj1DkQ-Y.js                                0.69 kB
.e2e/interactive-site/assets/cookie-BAUo58UH.js                                  0.69 kB
.e2e/interactive-site/assets/file-clock-CaWulQ7Z.js                              0.69 kB
.e2e/interactive-site/assets/file-input-H6qEQNJR.js                              0.69 kB
.e2e/interactive-site/assets/message-circle-question-mark-D24iUXjZ.js            0.69 kB
.e2e/interactive-site/assets/speech-sp0zqjdj.js                                  0.69 kB
.e2e/interactive-site/assets/binary-DtRa_3yD.js                                  0.69 kB
.e2e/interactive-site/assets/card-sim-D05R72tt.js                                0.69 kB
.e2e/interactive-site/assets/file-code-corner-BrjBtfc9.js                        0.69 kB
.e2e/interactive-site/assets/file-music-gSlwoYyM.js                              0.69 kB
.e2e/interactive-site/assets/fullscreen-ByhHBEvM.js                              0.69 kB
.e2e/interactive-site/assets/hourglass-BtwZv3-8.js                               0.69 kB
.e2e/interactive-site/assets/map-pin-plus-BKjtmETU.js                            0.69 kB
.e2e/interactive-site/assets/messages-square-BEbP09C-.js                         0.69 kB
.e2e/interactive-site/assets/mic-vocal-sFyhUzWJ.js                               0.69 kB
.e2e/interactive-site/assets/trees-BSjS0-e0.js                                   0.69 kB
.e2e/interactive-site/assets/badge-cent-RyfJADJb.js                              0.70 kB
.e2e/interactive-site/assets/badge-euro-B94sYfjL.js                              0.70 kB
.e2e/interactive-site/assets/layout-list-D8w4lWpM.js                             0.70 kB
.e2e/interactive-site/assets/syringe-B8O9clJk.js                                 0.70 kB
.e2e/interactive-site/assets/calendar-plus-7Gg3wPPM.js                           0.70 kB
.e2e/interactive-site/assets/mailbox-_SvmCtmY.js                                 0.70 kB
.e2e/interactive-site/assets/message-circle-more-Do2OKlAi.js                     0.70 kB
.e2e/interactive-site/assets/parking-meter-DVOj7nSO.js                           0.70 kB
.e2e/interactive-site/assets/snail--Czrpfcn.js                                   0.70 kB
.e2e/interactive-site/assets/utensils-crossed-DvEs1_b7.js                        0.70 kB
.e2e/interactive-site/assets/captions-off-C8v88BfO.js                            0.70 kB
.e2e/interactive-site/assets/badge-turkish-lira-Cw5oEy-i.js                      0.70 kB
.e2e/interactive-site/assets/watch-CfayOYOy.js                                   0.70 kB
.e2e/interactive-site/assets/bell-off-BU4r8ILk.js                                0.70 kB
.e2e/interactive-site/assets/caravan-CNkl5emL.js                                 0.70 kB
.e2e/interactive-site/assets/folder-git-2-B0LgcFtb.js                            0.70 kB
.e2e/interactive-site/assets/birdhouse-BT0yKprz.js                               0.70 kB
.e2e/interactive-site/assets/cake-slice-VsXjIEhm.js                              0.70 kB
.e2e/interactive-site/assets/calendar-arrow-up-ChXShlzG.js                       0.70 kB
.e2e/interactive-site/assets/ev-charger-BuJMI2ZT.js                              0.70 kB
.e2e/interactive-site/assets/square-dashed-bottom-code-D2k8pN0h.js               0.70 kB
.e2e/interactive-site/assets/square-parking-off-Dr8xa1W4.js                      0.70 kB
.e2e/interactive-site/assets/file-code-BetVWIkt.js                               0.70 kB
.e2e/interactive-site/assets/package-d5y17V_N.js                                 0.70 kB
.e2e/interactive-site/assets/badge-russian-ruble-BK8pn1_m.js                     0.70 kB
.e2e/interactive-site/assets/bird-BNoetXEg.js                                    0.70 kB
.e2e/interactive-site/assets/candy-cane-DPyVi-QR.js                              0.70 kB
.e2e/interactive-site/assets/file-stack-BPDDPIN1.js                              0.70 kB
.e2e/interactive-site/assets/flask-conical-off-DQ-_978r.js                       0.70 kB
.e2e/interactive-site/assets/folder-archive-BsxBijhB.js                          0.70 kB
.e2e/interactive-site/assets/notepad-text-Cl2oUJOS.js                            0.70 kB
.e2e/interactive-site/assets/sparkle-Nigya74N.js                                 0.70 kB
.e2e/interactive-site/assets/clipboard-clock-DS8RNNAJ.js                         0.70 kB
.e2e/interactive-site/assets/file-search-corner-DP7mQr_2.js                      0.70 kB
.e2e/interactive-site/assets/radio-CDnD3rhy.js                                   0.70 kB
.e2e/interactive-site/assets/sheet-C27nUueJ.js                                   0.70 kB
.e2e/interactive-site/assets/alarm-clock-off-usPdIOMt.js                         0.70 kB
.e2e/interactive-site/assets/flip-vertical-soGTJvVx.js                           0.70 kB
.e2e/interactive-site/assets/id-card-lanyard-WMFqvFEf.js                         0.70 kB
.e2e/interactive-site/assets/images-LhCYANGE.js                                  0.70 kB
.e2e/interactive-site/assets/message-circle-off-BtNdzFeo.js                      0.70 kB
.e2e/interactive-site/assets/printer-check-gE_0AFN0.js                           0.70 kB
.e2e/interactive-site/assets/warehouse-BCidfrLm.js                               0.70 kB
.e2e/interactive-site/assets/axe-D2Ab2vLX.js                                     0.71 kB
.e2e/interactive-site/assets/calendar-arrow-down-Ce2afbBY.js                     0.71 kB
.e2e/interactive-site/assets/circle-pile-CsoiKuNT.js                             0.71 kB
.e2e/interactive-site/assets/folder-pen-sMu4R8W7.js                              0.71 kB
.e2e/interactive-site/assets/grip-vertical-BOytuJDT.js                           0.71 kB
.e2e/interactive-site/assets/map-pin-x-B5gnKca_.js                               0.71 kB
.e2e/interactive-site/assets/touchpad-off-BOjDlHxY.js                            0.71 kB
.e2e/interactive-site/assets/door-open-DiAeO7KD.js                               0.71 kB
.e2e/interactive-site/assets/file-output-DJ0SVNn_.js                             0.71 kB
.e2e/interactive-site/assets/file-user-Cnn1WMTN.js                               0.71 kB
.e2e/interactive-site/assets/milk-zoVYvs1D.js                                    0.71 kB
.e2e/interactive-site/assets/tent-tree-CIcVNxVr.js                               0.71 kB
.e2e/interactive-site/assets/vibrate-off-BqZ0r8ZN.js                             0.71 kB
.e2e/interactive-site/assets/droplets-ZSht6cbM.js                                0.71 kB
.e2e/interactive-site/assets/grip-horizontal-CGZqVzaB.js                         0.71 kB
.e2e/interactive-site/assets/map-pin-pen-DMugn6WD.js                             0.71 kB
.e2e/interactive-site/assets/mouse-pointer-2-off-BJ71f7o7.js                     0.71 kB
.e2e/interactive-site/assets/refresh-ccw-dot-CvQW3aAn.js                         0.71 kB
.e2e/interactive-site/assets/waves-ladder-B5dnk5FD.js                            0.71 kB
.e2e/interactive-site/assets/banknote-x-SD_ZvxKU.js                              0.71 kB
.e2e/interactive-site/assets/flip-horizontal-CemetvN1.js                         0.71 kB
.e2e/interactive-site/assets/gamepad-_6j1sCst.js                                 0.71 kB
.e2e/interactive-site/assets/hd-EKODT5YM.js                                      0.71 kB
.e2e/interactive-site/assets/pipette-CrZHViNj.js                                 0.71 kB
.e2e/interactive-site/assets/briefcase-medical--rhxeoaV.js                       0.71 kB
.e2e/interactive-site/assets/git-branch-plus-Z-qCpBpd.js                         0.71 kB
.e2e/interactive-site/assets/gitlab-cS8k0KVE.js                                  0.71 kB
.e2e/interactive-site/assets/smile-plus-4-Z3uu4w.js                              0.71 kB
.e2e/interactive-site/assets/cassette-tape-Dh8dcOAl.js                           0.71 kB
.e2e/interactive-site/assets/clipboard-type-DH-uHFeG.js                          0.71 kB
.e2e/interactive-site/assets/cuboid-D9until0.js                                  0.71 kB
.e2e/interactive-site/assets/file-search-5NDUJZdP.js                             0.71 kB
.e2e/interactive-site/assets/git-compare-arrows-CseVu5Ea.js                      0.71 kB
.e2e/interactive-site/assets/luggage-ZvJPcIsJ.js                                 0.71 kB
.e2e/interactive-site/assets/diamond-percent-CEZjhium.js                         0.71 kB
.e2e/interactive-site/assets/hospital-CydIen_g.js                                0.71 kB
.e2e/interactive-site/assets/image-play-Bf1KDWVq.js                              0.71 kB
.e2e/interactive-site/assets/alarm-clock-plus-Bjqq0ZPu.js                        0.71 kB
.e2e/interactive-site/assets/badge-x-D8hlUA5T.js                                 0.71 kB
.e2e/interactive-site/assets/beef-BjvF3jEm.js                                    0.71 kB
.e2e/interactive-site/assets/building-2-D101JkWW.js                              0.71 kB
.e2e/interactive-site/assets/calendar-clock-j4kattP6.js                          0.71 kB
.e2e/interactive-site/assets/message-circle-heart-CQhzmobX.js                    0.71 kB
.e2e/interactive-site/assets/paintbrush-vertical-D53tuqIu.js                     0.71 kB
.e2e/interactive-site/assets/shuffle-ZtusD1xL.js                                 0.71 kB
.e2e/interactive-site/assets/tram-front-BcvZkMh_.js                              0.71 kB
.e2e/interactive-site/assets/clipboard-copy-684uAXv2.js                          0.71 kB
.e2e/interactive-site/assets/microscope-Dubc3Fz4.js                              0.71 kB
.e2e/interactive-site/assets/router-CPawKKPF.js                                  0.71 kB
.e2e/interactive-site/assets/calendar-search-C76qvn7P.js                         0.71 kB
.e2e/interactive-site/assets/chart-no-axes-combined-DHVSZDMN.js                  0.71 kB
.e2e/interactive-site/assets/view-Cz1mAqaQ.js                                    0.71 kB
.e2e/interactive-site/assets/badge-dollar-sign-Bj4Fpc7i.js                       0.72 kB
.e2e/interactive-site/assets/calendar-off-Cjs-JutU.js                            0.72 kB
.e2e/interactive-site/assets/clipboard-paste-CB0wkzIu.js                         0.72 kB
.e2e/interactive-site/assets/life-buoy-CvUqlR2b.js                               0.72 kB
.e2e/interactive-site/assets/drum-BwFKes-v.js                                    0.72 kB
.e2e/interactive-site/assets/file-lock-nI5zkjSi.js                               0.72 kB
.e2e/interactive-site/assets/popcorn-XyEJ7986.js                                 0.72 kB
.e2e/interactive-site/assets/scan-search-DodILqAJ.js                             0.72 kB
.e2e/interactive-site/assets/badge-plus-RTcC75vf.js                              0.72 kB
.e2e/interactive-site/assets/dice-6-CtgtI3RB.js                                  0.72 kB
.e2e/interactive-site/assets/file-heart-0aZiti4I.js                              0.72 kB
.e2e/interactive-site/assets/train-front-jCh-melo.js                             0.72 kB
.e2e/interactive-site/assets/align-vertical-distribute-center-Cfrs7YHI.js        0.72 kB
.e2e/interactive-site/assets/backpack-mJTNX8F3.js                                0.72 kB
.e2e/interactive-site/assets/banknote-arrow-up-BZBMdGX2.js                       0.72 kB
.e2e/interactive-site/assets/cloud-sync--vF9Gv2-.js                              0.72 kB
.e2e/interactive-site/assets/file-headphone-C4Hkmqu5.js                          0.72 kB
.e2e/interactive-site/assets/network-4-CMZg9F.js                                 0.72 kB
.e2e/interactive-site/assets/quote-D4QFfagA.js                                   0.72 kB
.e2e/interactive-site/assets/banknote-arrow-down-BktHmq8K.js                     0.72 kB
.e2e/interactive-site/assets/calendars-bNXVz_UH.js                               0.72 kB
.e2e/interactive-site/assets/file-text-DK3Wiy-t.js                               0.72 kB
.e2e/interactive-site/assets/heart-off-B_86EDE4.js                               0.72 kB
.e2e/interactive-site/assets/volume-2-_5Jt9v9I.js                                0.72 kB
.e2e/interactive-site/assets/align-horizontal-distribute-center-CuQrZAS7.js      0.72 kB
.e2e/interactive-site/assets/badge-info-BlM2jGVO.js                              0.72 kB
.e2e/interactive-site/assets/baggage-claim-DTdZF0tH.js                           0.72 kB
.e2e/interactive-site/assets/calendar-fold-DfzBd0_2.js                           0.72 kB
.e2e/interactive-site/assets/pencil-off-DkcHG_71.js                              0.72 kB
.e2e/interactive-site/assets/thermometer-sun-B8mTC0I9.js                         0.72 kB
.e2e/interactive-site/assets/badge-swiss-franc-BlJQ48dF.js                       0.72 kB
.e2e/interactive-site/assets/cannabis-C_fET-Ke.js                                0.72 kB
.e2e/interactive-site/assets/expand-Dme6lGZ3.js                                  0.72 kB
.e2e/interactive-site/assets/octagon-minus-BOwlKHpp.js                           0.72 kB
.e2e/interactive-site/assets/pocket-knife-bN4GVA99.js                            0.72 kB
.e2e/interactive-site/assets/projector-Dh9VSBtQ.js                               0.72 kB
.e2e/interactive-site/assets/shield-user-Dz-k8o5m.js                             0.72 kB
.e2e/interactive-site/assets/badge-alert-BhRubNb6.js                             0.72 kB
.e2e/interactive-site/assets/earth-B1IExeVL.js                                   0.72 kB
.e2e/interactive-site/assets/locate-off-COgdKn4p.js                              0.72 kB
.e2e/interactive-site/assets/swatch-book-D0hae2_E.js                             0.72 kB
.e2e/interactive-site/assets/hand-metal-Fcxwerpr.js                              0.72 kB
.e2e/interactive-site/assets/motorbike-Dac_9xr9.js                               0.72 kB
.e2e/interactive-site/assets/shield-question-mark-00Udsstz.js                    0.72 kB
.e2e/interactive-site/assets/badge-percent-CCnOFlzS.js                           0.72 kB
.e2e/interactive-site/assets/hammer-DVS4CT83.js                                  0.72 kB
.e2e/interactive-site/assets/mail-question-mark-DODMnoQM.js                      0.72 kB
.e2e/interactive-site/assets/volume-x-qkVbTS_S.js                                0.72 kB
.e2e/interactive-site/assets/bandage-BEJQZKOw.js                                 0.73 kB
.e2e/interactive-site/assets/cloud-sun-DZ8Mz-rO.js                               0.73 kB
.e2e/interactive-site/assets/hard-drive-DAl2VZto.js                              0.73 kB
.e2e/interactive-site/assets/hat-glasses-BuQsvnfB.js                             0.73 kB
.e2e/interactive-site/assets/mic-off-DmxoRzhx.js                                 0.73 kB
.e2e/interactive-site/assets/sun-moon-B2wF67WB.js                                0.73 kB
.e2e/interactive-site/assets/sofa-CQnqnWwy.js                                    0.73 kB
.e2e/interactive-site/assets/spline-pointer-yy35xPL6.js                          0.73 kB
.e2e/interactive-site/assets/worm-D9YPHh5O.js                                    0.73 kB
.e2e/interactive-site/assets/cloud-drizzle-C3vyCUy9.js                           0.73 kB
.e2e/interactive-site/assets/codepen-Bx1tFbKe.js                                 0.73 kB
.e2e/interactive-site/assets/ruler-DUDoya60.js                                   0.73 kB
.e2e/interactive-site/assets/umbrella-off-BDL9xKhm.js                            0.73 kB
.e2e/interactive-site/assets/fold-horizontal-B306DMS5.js                         0.73 kB
.e2e/interactive-site/assets/map-pinned-B9o9EX6M.js                              0.73 kB
.e2e/interactive-site/assets/file-image-CkTBZHgB.js                              0.73 kB
.e2e/interactive-site/assets/heart-crack-CF-yguNH.js                             0.73 kB
.e2e/interactive-site/assets/landmark-C7dPwhFI.js                                0.73 kB
.e2e/interactive-site/assets/plane-takeoff-C9bNnuc8.js                           0.73 kB
.e2e/interactive-site/assets/unfold-horizontal-BJ3WgXwJ.js                       0.73 kB
.e2e/interactive-site/assets/cloud-hail-5V834p1w.js                              0.73 kB
.e2e/interactive-site/assets/file-chart-column-Cr-WT2h6.js                       0.73 kB
.e2e/interactive-site/assets/fold-vertical-BGaFxYVw.js                           0.73 kB
.e2e/interactive-site/assets/magnet-84fxirJq.js                                  0.73 kB
.e2e/interactive-site/assets/mail-search-CvTeN_xX.js                             0.73 kB
.e2e/interactive-site/assets/save-all-DgR0t6QN.js                                0.73 kB
.e2e/interactive-site/assets/baby-CERZnuM5.js                                    0.73 kB
.e2e/interactive-site/assets/bell-electric-jYqdy2iq.js                           0.73 kB
.e2e/interactive-site/assets/bell-ring-CfmB4KTE.js                               0.73 kB
.e2e/interactive-site/assets/brush-cleaning-D9xE4p7F.js                          0.73 kB
.e2e/interactive-site/assets/scan-text-B3ko7a67.js                               0.73 kB
.e2e/interactive-site/assets/scissors-line-dashed-BDm5y0Wy.js                    0.73 kB
.e2e/interactive-site/assets/shield-ellipsis-DMHvyKxT.js                         0.73 kB
.e2e/interactive-site/assets/test-tubes-XHBD6_0X.js                              0.73 kB
.e2e/interactive-site/assets/chess-bishop-znaTG81d.js                            0.73 kB
.e2e/interactive-site/assets/circle-parking-off-CigLO3F_.js                      0.73 kB
.e2e/interactive-site/assets/unfold-vertical-D2ib_UDt.js                         0.73 kB
.e2e/interactive-site/assets/text-cursor-input-zg4t7Uh_.js                       0.73 kB
.e2e/interactive-site/assets/car-front-BdfxEc1k.js                               0.73 kB
.e2e/interactive-site/assets/map-pin-house-BWy8l7Op.js                           0.73 kB
.e2e/interactive-site/assets/phone-missed-f-DxzWDh.js                            0.73 kB
.e2e/interactive-site/assets/piano-dW_TDRLG.js                                   0.73 kB
.e2e/interactive-site/assets/shield-off-C7iswcs_.js                              0.73 kB
.e2e/interactive-site/assets/waves-arrow-up-VKXDUvZV.js                          0.73 kB
.e2e/interactive-site/assets/cigarette-off-EEuOEj9v.js                           0.74 kB
.e2e/interactive-site/assets/cloud-moon-rain-B80w9Rrq.js                         0.74 kB
.e2e/interactive-site/assets/hand-VkWLPTUt.js                                    0.74 kB
.e2e/interactive-site/assets/kayak-BXEMpv6z.js                                   0.74 kB
.e2e/interactive-site/assets/rotate-3d-Byeh4Mg1.js                               0.74 kB
.e2e/interactive-site/assets/usb-JPsekbn2.js                                     0.74 kB
.e2e/interactive-site/assets/cloud-snow-BW-iyT1o.js                              0.74 kB
.e2e/interactive-site/assets/factory-Bs7ip1TL.js                                 0.74 kB
.e2e/interactive-site/assets/file-chart-column-increasing-AzodOP4c.js            0.74 kB
.e2e/interactive-site/assets/file-digit-CekAl13q.js                              0.74 kB
.e2e/interactive-site/assets/phone-incoming-PXeiMrl1.js                          0.74 kB
.e2e/interactive-site/assets/scan-barcode-CKUx3N4w.js                            0.74 kB
.e2e/interactive-site/assets/anvil-9YlQhEex.js                                   0.74 kB
.e2e/interactive-site/assets/file-key-9Tx-orLA.js                                0.74 kB
.e2e/interactive-site/assets/file-play-CHHpmMWV.js                               0.74 kB
.e2e/interactive-site/assets/hamburger-BErl8zVS.js                               0.74 kB
.e2e/interactive-site/assets/locate-fixed-CyM2Ypvk.js                            0.74 kB
.e2e/interactive-site/assets/logs-BsP1N5fZ.js                                    0.74 kB
.e2e/interactive-site/assets/scan-heart-D-5nNKIt.js                              0.74 kB
.e2e/interactive-site/assets/squirrel-CjrmhDVc.js                                0.74 kB
.e2e/interactive-site/assets/brick-wall-BxuDTf2V.js                              0.74 kB
.e2e/interactive-site/assets/haze-DyE8vYD5.js                                    0.74 kB
.e2e/interactive-site/assets/piggy-bank-ByYcUE8B.js                              0.74 kB
.e2e/interactive-site/assets/plane-landing-CKeouXff.js                           0.74 kB
.e2e/interactive-site/assets/align-center-vertical-Q6--3wtD.js                   0.74 kB
.e2e/interactive-site/assets/phone-forwarded-KrNHZfYK.js                         0.74 kB
.e2e/interactive-site/assets/roller-coaster-DITQ5tXE.js                          0.74 kB
.e2e/interactive-site/assets/shopping-basket-CIXvboAA.js                         0.74 kB
.e2e/interactive-site/assets/aperture-BaNnT5FN.js                                0.74 kB
.e2e/interactive-site/assets/badge-question-mark-BBoke5n2.js                     0.74 kB
.e2e/interactive-site/assets/dices-DMcnUDHc.js                                   0.74 kB
.e2e/interactive-site/assets/truck-1iZPLaz0.js                                   0.74 kB
.e2e/interactive-site/assets/wifi-pen-BTCTVeod.js                                0.74 kB
.e2e/interactive-site/assets/zap-off-BxTNaCnA.js                                 0.74 kB
.e2e/interactive-site/assets/align-center-horizontal-U_GjCcXr.js                 0.74 kB
.e2e/interactive-site/assets/badge-indian-rupee-XbQ4YWc3.js                      0.74 kB
.e2e/interactive-site/assets/car-CLTyh0wc.js                                     0.74 kB
.e2e/interactive-site/assets/cherry-DtwbKnvd.js                                  0.74 kB
.e2e/interactive-site/assets/file-pen-line-NNrS11bh.js                           0.74 kB
.e2e/interactive-site/assets/film-Bv3Gz_XA.js                                    0.74 kB
.e2e/interactive-site/assets/fire-extinguisher-B87MeP82.js                       0.74 kB
.e2e/interactive-site/assets/github-Cots2aNS.js                                  0.74 kB
.e2e/interactive-site/assets/server-crash-CJUz2GaC.js                            0.74 kB
.e2e/interactive-site/assets/tower-control-BGr3OvRs.js                           0.74 kB
.e2e/interactive-site/assets/phone-outgoing-DqapGakN.js                          0.74 kB
.e2e/interactive-site/assets/toolbox-DgEtBOz1.js                                 0.74 kB
.e2e/interactive-site/assets/clipboard-list-BqqldBbu.js                          0.75 kB
.e2e/interactive-site/assets/flashlight-off-F5ZMkeWy.js                          0.75 kB
.e2e/interactive-site/assets/loader-VtwmG39H.js                                  0.75 kB
.e2e/interactive-site/assets/sticker-Bfn5gObR.js                                 0.75 kB
.e2e/interactive-site/assets/tags-CMSaLVTt.js                                    0.75 kB
.e2e/interactive-site/assets/badge-pound-sterling-B7Mlf4r8.js                    0.75 kB
.e2e/interactive-site/assets/camera-off-DnwPs7J4.js                              0.75 kB
.e2e/interactive-site/assets/headphone-off-Bg-EVa3I.js                           0.75 kB
.e2e/interactive-site/assets/map-minus-DT4vHouO.js                               0.75 kB
.e2e/interactive-site/assets/notebook-text-BnBwmOQ4.js                           0.75 kB
.e2e/interactive-site/assets/cable-car-DJ-_HNNB.js                               0.75 kB
.e2e/interactive-site/assets/mouse-pointer-click-B447hWjD.js                     0.75 kB
.e2e/interactive-site/assets/calendar-range-CLjB11xK.js                          0.75 kB
.e2e/interactive-site/assets/carrot-D7L-usog.js                                  0.75 kB
.e2e/interactive-site/assets/hand-coins-X20GQVCU.js                              0.75 kB
.e2e/interactive-site/assets/package-minus-DCt_S4bf.js                           0.75 kB
.e2e/interactive-site/assets/bot-message-square-CPMGPgXp.js                      0.75 kB
.e2e/interactive-site/assets/calendar-heart-BSYoEpPc.js                          0.75 kB
.e2e/interactive-site/assets/file-signal-D-j2mNhO.js                             0.75 kB
.e2e/interactive-site/assets/house-plug-_jlbwjhq.js                              0.75 kB
.e2e/interactive-site/assets/layers-DUaAYeyd.js                                  0.75 kB
.e2e/interactive-site/assets/scan-face-BNfe1RB6.js                               0.75 kB
.e2e/interactive-site/assets/spotlight-C8C4hlU7.js                               0.75 kB
.e2e/interactive-site/assets/transgender-_FtK2ynj.js                             0.75 kB
.e2e/interactive-site/assets/briefcase-conveyor-belt-DYjWbctp.js                 0.75 kB
.e2e/interactive-site/assets/octagon-x-BcPt6BSr.js                               0.75 kB
.e2e/interactive-site/assets/chart-candlestick-BhDa0dK-.js                       0.75 kB
.e2e/interactive-site/assets/construction-DSHXf3hp.js                            0.75 kB
.e2e/interactive-site/assets/phone-call-DDeruULR.js                              0.75 kB
.e2e/interactive-site/assets/alarm-smoke-Cj2y6kaR.js                             0.75 kB
.e2e/interactive-site/assets/barrel-C5kM94-k.js                                  0.75 kB
.e2e/interactive-site/assets/biceps-flexed-BSBxyhOa.js                           0.75 kB
.e2e/interactive-site/assets/boom-box-B2bRpZDC.js                                0.75 kB
.e2e/interactive-site/assets/castle-Cf7O9xcu.js                                  0.75 kB
.e2e/interactive-site/assets/clock-fading-g73MLokI.js                            0.75 kB
.e2e/interactive-site/assets/clover-B0wzZTAD.js                                  0.75 kB
.e2e/interactive-site/assets/file-type-corner-CNjEDB_w.js                        0.75 kB
.e2e/interactive-site/assets/folder-sync-Cfl5p7T0.js                             0.75 kB
.e2e/interactive-site/assets/ruler-dimension-line-a5YUxcTD.js                    0.75 kB
.e2e/interactive-site/assets/sunrise--AyOabaF.js                                 0.75 kB
.e2e/interactive-site/assets/sunset-CeKagvNj.js                                  0.75 kB
.e2e/interactive-site/assets/file-pen-Bg9qbSpr.js                                0.75 kB
.e2e/interactive-site/assets/file-type-CP6RKAiN.js                               0.75 kB
.e2e/interactive-site/assets/map-Cgy6C6zY.js                                     0.75 kB
.e2e/interactive-site/assets/octagon-pause-SIexsJy3.js                           0.75 kB
.e2e/interactive-site/assets/waypoints-C6JN4n_n.js                               0.75 kB
.e2e/interactive-site/assets/ham-Cn0yXyj5.js                                     0.76 kB
.e2e/interactive-site/assets/bot-off-BPqs3mEG.js                                 0.76 kB
.e2e/interactive-site/assets/package-x-DuJHz70-.js                               0.76 kB
.e2e/interactive-site/assets/sliders-vertical-DXa2x9CA.js                        0.76 kB
.e2e/interactive-site/assets/file-spreadsheet-CNtdyvC0.js                        0.76 kB
.e2e/interactive-site/assets/wine-off-CzcJcWw2.js                                0.76 kB
.e2e/interactive-site/assets/bean-off-D3G7bxGh.js                                0.76 kB
.e2e/interactive-site/assets/file-sliders-BEq2XKu8.js                            0.76 kB
.e2e/interactive-site/assets/group-CANVcTup.js                                   0.76 kB
.e2e/interactive-site/assets/sliders-horizontal-Y06P9N2J.js                      0.76 kB
.e2e/interactive-site/assets/megaphone-off-CnDX-0Uj.js                           0.76 kB
.e2e/interactive-site/assets/package-check-CHELgRxE.js                           0.76 kB
.e2e/interactive-site/assets/book-open-text-Byu24epS.js                          0.76 kB
.e2e/interactive-site/assets/database-backup-DgubOGNA.js                         0.76 kB
.e2e/interactive-site/assets/milk-off-Ce0Y2eDq.js                                0.76 kB
.e2e/interactive-site/assets/waves-CK8XeF3o.js                                   0.76 kB
.e2e/interactive-site/assets/clipboard-pen-CjedKQLN.js                           0.76 kB
.e2e/interactive-site/assets/octagon-alert-LBS9szfw.js                           0.76 kB
.e2e/interactive-site/assets/van-Dnsbvwrp.js                                     0.76 kB
.e2e/interactive-site/assets/chess-rook-BZXB0PBC.js                              0.76 kB
.e2e/interactive-site/assets/eye-off-K9jvd6kf.js                                 0.76 kB
.e2e/interactive-site/assets/medal-DG0WTQVZ.js                                   0.76 kB
.e2e/interactive-site/assets/badge-japanese-yen-Cv0m02S-.js                      0.77 kB
.e2e/interactive-site/assets/file-archive-CvJmLgm3.js                            0.77 kB
.e2e/interactive-site/assets/wand-Dwi4f2xg.js                                    0.77 kB
.e2e/interactive-site/assets/shredder-CaKSiyQc.js                                0.77 kB
.e2e/interactive-site/assets/atom-D6zb_mu-.js                                    0.77 kB
.e2e/interactive-site/assets/church-D3KtNkx-.js                                  0.77 kB
.e2e/interactive-site/assets/replace-CCTHW-K_.js                                 0.77 kB
.e2e/interactive-site/assets/route-off-Buh4d0O6.js                               0.77 kB
.e2e/interactive-site/assets/traffic-cone-5YsRo9VP.js                            0.77 kB
.e2e/interactive-site/assets/chart-network-2x0DQPgH.js                           0.77 kB
.e2e/interactive-site/assets/combine-C3sWXxbL.js                                 0.77 kB
.e2e/interactive-site/assets/ear-off-Bf6pURfG.js                                 0.77 kB
.e2e/interactive-site/assets/rabbit-ClHN8EzY.js                                  0.77 kB
.e2e/interactive-site/assets/file-video-camera-CWKYsEr-.js                       0.77 kB
.e2e/interactive-site/assets/pizza-DFU3ktqH.js                                   0.77 kB
.e2e/interactive-site/assets/squares-subtract-BAYr5OQ1.js                        0.77 kB
.e2e/interactive-site/assets/chess-king-B8N1feWy.js                              0.77 kB
.e2e/interactive-site/assets/sandwich-BphW5DzV.js                                0.77 kB
.e2e/interactive-site/assets/unplug-LJIdXUTg.js                                  0.77 kB
.e2e/interactive-site/assets/car-taxi-front-COGKSF6v.js                          0.78 kB
.e2e/interactive-site/assets/handshake-hyYGAk6Q.js                               0.78 kB
.e2e/interactive-site/assets/leafy-green-BpvnPQGD.js                             0.78 kB
.e2e/interactive-site/assets/rat-DR-2a0MC.js                                     0.78 kB
.e2e/interactive-site/assets/fence-R2A89IKf.js                                   0.78 kB
.e2e/interactive-site/assets/school-h1ZaYMTI.js                                  0.78 kB
.e2e/interactive-site/assets/flower-2-BIBEe0QM.js                                0.78 kB
.e2e/interactive-site/assets/hand-grab-EZ69_7a8.js                               0.78 kB
.e2e/interactive-site/assets/phone-off-BomtWK1S.js                               0.78 kB
.e2e/interactive-site/assets/notebook-tabs-B1al3f70.js                           0.78 kB
.e2e/interactive-site/assets/rose-DN5c0E7I.js                                    0.78 kB
.e2e/interactive-site/assets/shovel-C_m9wP3L.js                                  0.78 kB
.e2e/interactive-site/assets/shrimp-CB5WhZXj.js                                  0.78 kB
.e2e/interactive-site/assets/container-CzkBDIQ0.js                               0.78 kB
.e2e/interactive-site/assets/server-off-DU0ZMDoV.js                              0.78 kB
.e2e/interactive-site/assets/map-plus-DY-CPI3j.js                                0.78 kB
.e2e/interactive-site/assets/tickets-plane-BAIp83NV.js                           0.78 kB
.e2e/interactive-site/assets/amphora-BTu1lfKJ.js                                 0.78 kB
.e2e/interactive-site/assets/bus-front-CnUgUcBZ.js                               0.78 kB
.e2e/interactive-site/assets/footprints-C0TBNjba.js                              0.78 kB
.e2e/interactive-site/assets/train-front-tunnel-DuQZOam7.js                      0.78 kB
.e2e/interactive-site/assets/key-square-BWDeYWNd.js                              0.78 kB
.e2e/interactive-site/assets/keyboard-music-Dn-QuuNL.js                          0.78 kB
.e2e/interactive-site/assets/package-plus-u_Bu_sal.js                            0.79 kB
.e2e/interactive-site/assets/panel-top-bottom-dashed-D1CYIvh_.js                 0.79 kB
.e2e/interactive-site/assets/bus--MuS-xbs.js                                     0.79 kB
.e2e/interactive-site/assets/file-badge-DD_jjAH1.js                              0.79 kB
.e2e/interactive-site/assets/heart-handshake-CMJ9ySpV.js                         0.79 kB
.e2e/interactive-site/assets/helicopter-Cu3ro1_3.js                              0.79 kB
.e2e/interactive-site/assets/keyboard-BicJseOG.js                                0.79 kB
.e2e/interactive-site/assets/origami-CMBbKIPr.js                                 0.79 kB
.e2e/interactive-site/assets/radio-tower-D3isIQA4.js                             0.79 kB
.e2e/interactive-site/assets/pointer-BqeFF683.js                                 0.79 kB
.e2e/interactive-site/assets/square-scissors-DkHWN579.js                         0.79 kB
.e2e/interactive-site/assets/wifi-off-kJ28ElU-.js                                0.79 kB
.e2e/interactive-site/assets/scan-eye-CMHkvPwv.js                                0.79 kB
.e2e/interactive-site/assets/volleyball-nUcyqYhi.js                              0.79 kB
.e2e/interactive-site/assets/chess-knight-CAT4M_u6.js                            0.79 kB
.e2e/interactive-site/assets/panel-left-right-dashed-Bqf__qTe.js                 0.79 kB
.e2e/interactive-site/assets/rocket-CmILDTNm.js                                  0.79 kB
.e2e/interactive-site/assets/circle-fading-plus-Ber5mrc6.js                      0.79 kB
.e2e/interactive-site/assets/file-braces-corner-BVedLh14.js                      0.79 kB
.e2e/interactive-site/assets/message-square-heart-CAJJIZta.js                    0.79 kB
.e2e/interactive-site/assets/cat-BRah-JeI.js                                     0.79 kB
.e2e/interactive-site/assets/earth-lock-BkataW5q.js                              0.79 kB
.e2e/interactive-site/assets/file-scan-B74coczk.js                               0.79 kB
.e2e/interactive-site/assets/waves-arrow-down-DYjU0eg2.js                        0.79 kB
.e2e/interactive-site/assets/beer-DSSeHpw5.js                                    0.80 kB
.e2e/interactive-site/assets/file-chart-pie-UHmrjOuq.js                          0.80 kB
.e2e/interactive-site/assets/tree-palm-6us5ATyq.js                               0.80 kB
.e2e/interactive-site/assets/file-braces-Bf4_SIF2.js                             0.80 kB
.e2e/interactive-site/assets/hand-platter-ICMKcvMp.js                            0.80 kB
.e2e/interactive-site/assets/figma-0660aW0W.js                                   0.80 kB
.e2e/interactive-site/assets/save-off-DOrS9kKh.js                                0.80 kB
.e2e/interactive-site/assets/siren-CnwwIBEj.js                                   0.80 kB
.e2e/interactive-site/assets/soap-dispenser-droplet-DLuUDrar.js                  0.80 kB
.e2e/interactive-site/assets/star-B2upLdWE.js                                    0.80 kB
.e2e/interactive-site/assets/cloud-sun-rain-BNw5E9WR.js                          0.80 kB
.e2e/interactive-site/assets/sun-dim-Cc8N1pl8.js                                 0.80 kB
.e2e/interactive-site/assets/wifi-sync-CDUin7rC.js                               0.80 kB
.e2e/interactive-site/assets/circle-fading-arrow-up-Dauz16S1.js                  0.80 kB
.e2e/interactive-site/assets/ferris-wheel-d0UTOVzf.js                            0.80 kB
.e2e/interactive-site/assets/map-pin-off-DF5yRyHf.js                             0.80 kB
.e2e/interactive-site/assets/image-off-HvRaOiK1.js                               0.81 kB
.e2e/interactive-site/assets/notebook-pen-BkqiGbL6.js                            0.81 kB
.e2e/interactive-site/assets/pen-tool-BMBhg6T_.js                                0.81 kB
.e2e/interactive-site/assets/salad-DOoac2BI.js                                   0.81 kB
.e2e/interactive-site/assets/square-dashed-top-solid-SW5wt_NC.js                 0.81 kB
.e2e/interactive-site/assets/trophy-CPzMLERP.js                                  0.81 kB
.e2e/interactive-site/assets/lamp-desk-DC6exowa.js                               0.81 kB
.e2e/interactive-site/assets/sun-Btovkd05.js                                     0.81 kB
.e2e/interactive-site/assets/image-upscale-BRTG5DBv.js                           0.81 kB
.e2e/interactive-site/assets/folder-tree-DU7QG0sM.js                             0.81 kB
.e2e/interactive-site/assets/thermometer-snowflake-wG7_PGdM.js                   0.81 kB
.e2e/interactive-site/assets/circle-star-lk5AIszt.js                             0.81 kB
.e2e/interactive-site/assets/solar-panel-B1sQsrTw.js                             0.81 kB
.e2e/interactive-site/assets/microchip-BJfh2Wt1.js                               0.81 kB
.e2e/interactive-site/assets/volume-off-Cw0Pz0K8.js                              0.81 kB
.e2e/interactive-site/assets/layers-plus-CFEgybBo.js                             0.81 kB
.e2e/interactive-site/assets/ship-rYVqabEQ.js                                    0.81 kB
.e2e/interactive-site/assets/webhook-off-CdPk7LmE.js                             0.81 kB
.e2e/interactive-site/assets/sun-medium-CUqwLeOW.js                              0.82 kB
.e2e/interactive-site/assets/drill-DT2dkTeV.js                                   0.82 kB
.e2e/interactive-site/assets/scan-qr-code-BJOoA3qz.js                            0.82 kB
.e2e/interactive-site/assets/calendar-sync-B6tQYZw3.js                           0.82 kB
.e2e/interactive-site/assets/package-search-Dx8Y5ovt.js                          0.82 kB
.e2e/interactive-site/assets/cctv-cLGDv3Cn.js                                    0.82 kB
.e2e/interactive-site/assets/cake-n0QHklI0.js                                    0.82 kB
.e2e/interactive-site/assets/settings-CWR2FvXy.js                                0.82 kB
.e2e/interactive-site/assets/cable-DCY98l1u.js                                   0.82 kB
.e2e/interactive-site/assets/clipboard-pen-line-CFBCAba3.js                      0.82 kB
.e2e/interactive-site/assets/pointer-off-BuV_dvXm.js                             0.82 kB
.e2e/interactive-site/assets/sparkles-DhjAEHXz.js                                0.82 kB
.e2e/interactive-site/assets/square-star-DWEnrujg.js                             0.82 kB
.e2e/interactive-site/assets/hand-heart-DIoW7ZIE.js                              0.83 kB
.e2e/interactive-site/assets/radar-BtMR4Lsc.js                                   0.83 kB
.e2e/interactive-site/assets/shower-head-B3PjEoBL.js                             0.83 kB
.e2e/interactive-site/assets/store-jCLo_n7U.js                                   0.83 kB
.e2e/interactive-site/assets/brick-wall-fire-oiDA8n1I.js                         0.84 kB
.e2e/interactive-site/assets/chart-scatter-BYCG99jx.js                           0.84 kB
.e2e/interactive-site/assets/refresh-cw-off-BDviqVri.js                          0.84 kB
.e2e/interactive-site/assets/grip-DUHGMW4z.js                                    0.84 kB
.e2e/interactive-site/assets/hotel-C--wGlsG.js                                   0.84 kB
.e2e/interactive-site/assets/dam-CaD_Pt8R.js                                     0.84 kB
.e2e/interactive-site/assets/panda-btISi0ea.js                                   0.84 kB
.e2e/interactive-site/assets/wand-sparkles-ChKO9tVh.js                           0.84 kB
.e2e/interactive-site/assets/file-volume-BI0NHJNu.js                             0.84 kB
.e2e/interactive-site/assets/palette-CPR1alMh.js                                 0.84 kB
.e2e/interactive-site/assets/ambulance-BNNhVDuk.js                               0.85 kB
.e2e/interactive-site/assets/tool-case-tMqvqF6X.js                               0.85 kB
.e2e/interactive-site/assets/ship-wheel-CuyYMOZX.js                              0.85 kB
.e2e/interactive-site/assets/hand-fist-DmylzkYV.js                               0.86 kB
.e2e/interactive-site/assets/university-B5us8pPk.js                              0.86 kB
.e2e/interactive-site/assets/theater-C2Hdi1I6.js                                 0.86 kB
.e2e/interactive-site/assets/spray-can-DhSykmpi.js                               0.86 kB
.e2e/interactive-site/assets/user-star-C74FIJil.js                               0.86 kB
.e2e/interactive-site/assets/radiation-BY6p-Wp4.js                               0.86 kB
.e2e/interactive-site/assets/keyboard-off-C1NZYuny.js                            0.86 kB
.e2e/interactive-site/assets/soup-bRAG6OuX.js                                    0.86 kB
.e2e/interactive-site/assets/unlink-DXa0Z_7y.js                                  0.86 kB
.e2e/interactive-site/assets/bow-arrow-DE0aPm57.js                               0.86 kB
.e2e/interactive-site/assets/truck-electric-BnzXHYd3.js                          0.86 kB
.e2e/interactive-site/assets/calculator-qM2olXft.js                              0.86 kB
.e2e/interactive-site/assets/guitar-DU6QgVCs.js                                  0.86 kB
.e2e/interactive-site/assets/memory-stick-DfOJsTk9.js                            0.87 kB
.e2e/interactive-site/assets/file-box-uPfFrwVA.js                                0.87 kB
.e2e/interactive-site/assets/paintbrush-CnEOz7fL.js                              0.87 kB
.e2e/interactive-site/assets/lasso-select-DnMbHHfL.js                            0.87 kB
.e2e/interactive-site/assets/heater-Bslttt91.js                                  0.87 kB
.e2e/interactive-site/assets/tractor-DEGNwUmz.js                                 0.87 kB
.e2e/interactive-site/assets/triangle-dashed-C-b1Nafv.js                         0.88 kB
.e2e/interactive-site/assets/grape-CKLxPIfI.js                                   0.88 kB
.e2e/interactive-site/assets/drone-DxFB1PMd.js                                   0.88 kB
.e2e/interactive-site/assets/swords-Dgt2XhFh.js                                  0.88 kB
.e2e/interactive-site/assets/codesandbox-CoBCqd-o.js                             0.89 kB
.e2e/interactive-site/assets/paint-bucket-7kf3ScMK.js                            0.89 kB
.e2e/interactive-site/assets/drama-B23gsvQO.js                                   0.89 kB
.e2e/interactive-site/assets/pencil-ruler-_FSuO-Ny.js                            0.89 kB
.e2e/interactive-site/assets/binoculars-CVfx_IHW.js                              0.89 kB
.e2e/interactive-site/assets/dumbbell-DCH-sfWK.js                                0.89 kB
.e2e/interactive-site/assets/table-columns-split-DT_8oPUq.js                     0.89 kB
.e2e/interactive-site/assets/vector-square-DcvAKVUO.js                           0.89 kB
.e2e/interactive-site/assets/replace-all-kziFCi-1.js                             0.90 kB
.e2e/interactive-site/assets/building-CLeFFBq0.js                                0.90 kB
.e2e/interactive-site/assets/square-dashed-B0lyy_Oh.js                           0.90 kB
.e2e/interactive-site/assets/table-rows-split-CfXG5Oz0.js                        0.90 kB
.e2e/interactive-site/assets/candy-DtxrhdTB.js                                   0.90 kB
.e2e/interactive-site/assets/puzzle-CfYdfkbq.js                                  0.90 kB
.e2e/interactive-site/assets/chess-queen-DQHhKwXv.js                             0.90 kB
.e2e/interactive-site/assets/sun-snow-4M6uHNIy.js                                0.90 kB
.e2e/interactive-site/assets/circle-dashed-BJumZA9x.js                           0.90 kB
.e2e/interactive-site/assets/brain-j545PJNz.js                                   0.91 kB
.e2e/interactive-site/assets/package-open-Cy54LNc5.js                            0.91 kB
.e2e/interactive-site/assets/book-dashed-DXZuDIVD.js                             0.91 kB
.e2e/interactive-site/assets/bug-off-rsQJdj-s.js                                 0.91 kB
.e2e/interactive-site/assets/ribbon-Bt1_Kvho.js                                  0.91 kB
.e2e/interactive-site/assets/recycle-BbVealb9.js                                 0.92 kB
.e2e/interactive-site/assets/pickaxe-C2FoHBQ3.js                                 0.92 kB
.e2e/interactive-site/assets/croissant-DfdlzJwq.js                               0.92 kB
.e2e/interactive-site/assets/flower-DmUel7LO.js                                  0.92 kB
.e2e/interactive-site/assets/message-circle-dashed-D8rTBg1H.js                   0.93 kB
.e2e/interactive-site/assets/nut-BUTHiRxF.js                                     0.93 kB
.e2e/interactive-site/assets/dna-off-DO0b6_fY.js                                 0.93 kB
.e2e/interactive-site/assets/satellite-CHsa1Dpe.js                               0.94 kB
.e2e/interactive-site/assets/slack-Bmk31n1I.js                                   0.94 kB
.e2e/interactive-site/assets/fingerprint-pattern-BAE3S-3P.js                     0.95 kB
.e2e/interactive-site/assets/square-dashed-mouse-pointer-DpQuiR_Q.js             0.95 kB
.e2e/interactive-site/assets/fish-BClGXNUO.js                                    0.95 kB
.e2e/interactive-site/assets/telescope-CEoINJpP.js                               0.95 kB
.e2e/interactive-site/assets/squares-intersect-DL-pg9CD.js                       0.95 kB
.e2e/interactive-site/assets/beer-off-obwlXHCG.js                                0.95 kB
.e2e/interactive-site/assets/gamepad-2-DSOS8_YL.js                               0.96 kB
.e2e/interactive-site/assets/bug-qM7iuhI4.js                                     0.96 kB
.e2e/interactive-site/assets/squircle-dashed-PBcaXUl9.js                         0.96 kB
.e2e/interactive-site/assets/dna-CehnMKHX.js                                     0.96 kB
.e2e/interactive-site/assets/snowflake-qaiCKu4t.js                               0.96 kB
.e2e/interactive-site/assets/bug-play-DqYSSxC8.js                                0.97 kB
.e2e/interactive-site/assets/notepad-text-dashed-zOxQXWqT.js                     0.97 kB
.e2e/interactive-site/assets/cannabis-off-DHiCkMyj.js                            0.97 kB
.e2e/interactive-site/assets/brick-wall-shield-59_eLsBC.js                       0.97 kB
.e2e/interactive-site/assets/circle-dot-dashed-D1h17moD.js                       0.97 kB
.e2e/interactive-site/assets/cpu-DbYlMyIp.js                                     0.98 kB
.e2e/interactive-site/assets/user-cog-d_CTYuCh.js                                0.98 kB
.e2e/interactive-site/assets/dog-Dy7FY_YS.js                                     0.98 kB
.e2e/interactive-site/assets/cloud-cog-03sxGh5s.js                               0.98 kB
.e2e/interactive-site/assets/candy-off-DGCDSthJ.js                               0.98 kB
.e2e/interactive-site/assets/qr-code-C4he6jU8.js                                 0.98 kB
.e2e/interactive-site/assets/columns-3-cog-BRPVy8Yi.js                           0.99 kB
.e2e/interactive-site/assets/user-round-cog-C5ODmRPk.js                          0.99 kB
.e2e/interactive-site/assets/receipt-text-Dywg0MAz.js                            0.99 kB
.e2e/interactive-site/assets/fish-off-D929KnGG.js                                1.00 kB
.e2e/interactive-site/assets/vault-2aAHmYRF.js                                   1.00 kB
.e2e/interactive-site/assets/message-square-dashed-XGQOCtoI.js                   1.01 kB
.e2e/interactive-site/assets/text-select-CSlMU4KY.js                             1.01 kB
.e2e/interactive-site/assets/cog-BFBTJ12t.js                                     1.01 kB
.e2e/interactive-site/assets/square-dashed-kanban-2Rvt-3wB.js                    1.01 kB
.e2e/interactive-site/assets/biohazard-deXWMjvD.js                               1.02 kB
.e2e/interactive-site/assets/folder-cog-0N9oQT8P.js                              1.02 kB
.e2e/interactive-site/assets/component-CDB1kOW9.js                               1.02 kB
.e2e/interactive-site/assets/monitor-cog-CX4_cBIK.js                             1.03 kB
.e2e/interactive-site/assets/file-cog-yfeDOXlm.js                                1.04 kB
.e2e/interactive-site/assets/nut-off-D6yk0PEl.js                                 1.04 kB
.e2e/interactive-site/assets/wifi-cog-C-Ra1ezk.js                                1.06 kB
.e2e/interactive-site/assets/gamepad-directional-CyR3DR1e.js                     1.06 kB
.e2e/interactive-site/assets/party-popper-CNI3HbRp.js                            1.06 kB
.e2e/interactive-site/assets/calendar-cog-CELw5ZHv.js                            1.08 kB
.e2e/interactive-site/assets/interactive-ui-native-C592u53V.js                   1.12 kB
.e2e/interactive-site/assets/brain-circuit-DsCB0OTN.js                           1.13 kB
.e2e/interactive-site/assets/server-cog-Jd8w1oXe.js                              1.16 kB
.e2e/interactive-site/assets/boxes-Der0ZFf9.js                                   1.18 kB
.e2e/interactive-site/assets/wheat-Bd2_zAw-.js                                   1.21 kB
.e2e/interactive-site/assets/square-bottom-dashed-scissors-DJgeTdOe.js           1.21 kB
.e2e/interactive-site/assets/wheat-off-DttPfEQn.js                               1.26 kB
.e2e/interactive-site/assets/hop-off-D3eMOfUY.js                                 1.30 kB
.e2e/interactive-site/assets/brain-cog-B2nBxP6v.js                               1.34 kB
.e2e/interactive-site/assets/hop-CwsG-zjC.js                                     1.35 kB
.e2e/interactive-site/assets/state-Bzn2JfmT.js                                   1.62 kB
.e2e/interactive-site/assets/realtime-VSmOLW9W.js                                2.35 kB
.e2e/interactive-site/assets/state-CIukqp6z.js                                   3.01 kB
.e2e/interactive-site/assets/interactive-ui-e3q5U1CI.js                          4.32 kB
.e2e/interactive-site/assets/index-6En39Xqx.js                                   5.59 kB
.e2e/interactive-site/assets/state-BzgumFb_.js                                   7.39 kB
.e2e/interactive-site/assets/nativeMessage-RTWVaokc.js                           9.68 kB
.e2e/interactive-site/assets/OpenUiLesson-DtHUda0J.js                           17.61 kB
.e2e/interactive-site/assets/globals-CSgnaIJu.js                               180.98 kB
.e2e/interactive-site/assets/thread-D4ShwYo7.js                                188.69 kB
.e2e/interactive-site/assets/observability-C5Ni-nMo.js                         190.47 kB
.e2e/interactive-site/assets/index-alIIcaW-.js                                 264.48 kB
.e2e/interactive-site/assets/transport-BV27ieRV.js                             267.84 kB
.e2e/interactive-site/assets/library-CIeYvDYp.js                               857.95 kB
.e2e/interactive-site/assets/interactive-adapter-B1FiZGte.js                 1,961.22 kB

(!) Some chunks are larger than 500 kB after minification. Consider:
- Using dynamic import() to code-split the application
- Use build.rollupOptions.output.manualChunks to improve chunking: https://rollupjs.org/configuration-options/#output-manualchunks
- Adjust chunk size limit for this warning via build.chunkSizeWarningLimit.
✓ built in 1m 33s
